company,metric,value,unit,period,source_url,source_date,tag
Murata,"MLCC shipments (June 2026, proxy for capacity)",140,bn pcs/month,2026-06,https://www.trendforce.com/presscenter/news/20260728-13155.html,2026-07-28,[ESTIMATE]
Samsung Electro-Mechanics,"MLCC shipments (June 2026, proxy for capacity)",98,bn pcs/month,2026-06,https://www.trendforce.com/presscenter/news/20260728-13155.html,2026-07-28,[ESTIMATE]
Taiyo Yuden,"MLCC shipments (June 2026, proxy for capacity)",40,bn pcs/month,2026-06,https://www.trendforce.com/presscenter/news/20260728-13155.html,2026-07-28,[ESTIMATE]
Fenghua Advanced,Monthly MLCC capacity (company/press claim; incl +15.1bn from Xianghe base),50,bn pcs/month,2026-04,https://finance.sina.com.cn/jjxw/2026-05-29/doc-inhzpsps8042876.shtml,2026-05-29,[ATTRIBUTED]
Fenghua Advanced,Added high-end capacity Xianghe base (final verification Apr 2026),15.1,bn pcs/month,2026-04,https://www.sohu.com/a/1068548263_122066679,2026-07,[ATTRIBUTED]
Fenghua Advanced,High-end share of MLCC revenue,40,%,H1 2026,https://i.ifeng.com/c/8wPsJ8fsA7r,2026-07,[FACT]
Fenghua Advanced,Cumulative investment 3-stage program,7.5,bn RMB,2020-2025,https://www.koreaherald.com/article/10829283,2026-08-03,[ATTRIBUTED]
Fenghua Advanced,Q1 2026 revenue (total company),1.51,bn RMB,Q1 2026,https://finance.biggo.com/news/BCo4np4BrAZSr0oSUIyJ,2026-06-06,[FACT]
Three-Circle (CCTC),H1 2026 revenue (total company; MLCC split not disclosed in sources),6.423,bn RMB,H1 2026,https://news.qq.com/rain/a/20260827A0ACDX00,2026-08-27,[FACT]
Three-Circle (CCTC),"Monthly MLCC capacity plan 550bn -> 1000bn by end-2026 (single secondary source, unverified)",550->1000,bn pcs/month,2026,https://news.qq.com/rain/a/20260827A0A* (search snippet; verify),2026-08-27,[ATTRIBUTED-LOW CONFIDENCE]
Three-Circle (CCTC),High-cap MLCC project cumulative investment; ready by 2027-05-31,1.861,bn RMB,2026-06-30,https://eu.36kr.com/en/p/3989788780903169,2026-09-20,[FACT]
Murata,Capacitor segment sales FY3/2026,936.4,bn JPY,FY ended 2026-03,https://corporate.murata.com/-/media/corporate/about/newsroom/news/irnews/irnews/2026/0731d/26q1-e-speach.ashx,2026-07-31,[FACT]
Murata,Capacitor sales Q1 FY3/2027 (Apr-Jun 2026),282.5,bn JPY,Q1 FY3/2027,https://corporate.murata.com/-/media/corporate/about/newsroom/news/irnews/irnews/2026/0731d/26q1-e-speach.ashx,2026-07-31,[FACT]
Murata,Capacitor sales forecast FY3/2027,1157.5,bn JPY,FY ending 2027-03,https://corporate.murata.com/-/media/corporate/about/newsroom/news/irnews/irnews/2026/0731d/26q1-e-speach.ashx,2026-07-31,[FACT]
Murata,Capacitor share of group revenue Q1 FY3/2027,56.2,%,Q1 FY3/2027,https://corporate.murata.com/-/media/corporate/about/newsroom/news/irnews/irnews/2026/0731d/26q1-e-speach.ashx,2026-07-31,[FACT]
Murata,Group capex plan FY3/2027 (all segments),255.0,bn JPY,FY ending 2027-03,https://corporate.murata.com/-/media/corporate/about/newsroom/news/irnews/irnews/2026/0731d/26q1-e-speach.ashx,2026-07-31,[FACT]
Murata,Group book-to-bill Q1 FY3/2027,1.34,ratio,Q1 FY3/2027,https://corporate.murata.com/-/media/corporate/about/newsroom/news/irnews/irnews/2026/0731d/26q1-e-speach.ashx,2026-07-31,[FACT]
Murata,"Incremental MLCC capex (2 yrs, Izumo etc.); first phase output 4Q27",80,bn JPY,FY26-27,https://finance.biggo.com/news/c224320e-798a-4ff7-9b35-b97c4f358d4a,2026-09-04,[ATTRIBUTED]
Murata,Load-based capacity increase over next 2 yrs (>~20% per one source; 10-15% per another),10-20,%,FY26-27,https://eu.36kr.com/en/p/3989788780903169,2026-09-20,[ATTRIBUTED]
Murata,Utilization (approx.),95,%,2026,https://finance.biggo.com/news/c224320e-798a-4ff7-9b35-b97c4f358d4a,2026-09-04,[ATTRIBUTED]
Murata,Izumo new building investment (completed Apr 2026),47,bn JPY,2024-2026,https://evertiq.com/design/2026-04-07-murata-completes-new-mlcc-production-building-in-japan,2026-04-07,[FACT]
Murata,Philippines (Batangas) new building investment,11.2,bn JPY,completed,https://www.marketscreener.com/news/murata-manufacturing-completion-of-new-production-building-in-the-philippines-ce7d5ddadc8ff020,n/a (verify),[FACT]
Samsung Electro-Mechanics,Component Solutions revenue FY2025,5.199,trn KRW,FY2025,https://m.samsungsem.com/global/newsroom/news/view.do?id=10042,2026-01,[FACT]
Samsung Electro-Mechanics,Total revenue FY2025,11.3145,trn KRW,FY2025,https://m.samsungsem.com/global/newsroom/news/view.do?id=10042,2026-01,[FACT]
Samsung Electro-Mechanics,Component unit revenue Q2 2026,1.6494,trn KRW,Q2 2026,https://www.trendforce.com/news/2026/08/04/news-across-the-board-30-price-hike-mlcc-price-surge-intensifies/,2026-08-04,[FACT]
Samsung Electro-Mechanics,Capex 2026 -> 2027,3 -> 6,trn KRW,2026-2027,https://www.koreaherald.com/article/10829283,2026-08-03,[ATTRIBUTED]
Samsung Electro-Mechanics,Philippines Plant 3 investment; start end Q1 (per source),>1,trn KRW,2026-2027,https://finance.biggo.com/news/cf7fa6ce-e7c4-45b2-a240-ce51b159f08c,2026,[ATTRIBUTED]
Samsung Electro-Mechanics,Busan line utilization Q2->Q3,mid-90s -> high-90s,%,Q2-Q3 2026,https://finance.biggo.com/news/cf7fa6ce-e7c4-45b2-a240-ce51b159f08c,2026,[ATTRIBUTED]
Samsung Electro-Mechanics,AI-MLCC share of revenue Q2->Q3,high-teens -> ~20,%,Q2-Q3 2026,https://finance.biggo.com/news/cf7fa6ce-e7c4-45b2-a240-ce51b159f08c,2026,[ATTRIBUTED]
Samsung Electro-Mechanics,AI MLCC LTA 2027 (latest),1.0722,trn KRW,2027,https://www.trendforce.com/news/2026/09/04/news-samsung-electro-mechanics-secures-krw-1-07-trillion-long-term-mlcc-supply-deal-for-ai-servers/,2026-09-04,[FACT]
Taiyo Yuden,Capacitor sales FY3/2025,233.195,bn JPY,FY ended 2025-03,https://www.ir-tracker.com/en/articles/6976-2026-Q3,2026,[FACT]
Taiyo Yuden,Capacitor share of net sales FY3/2025,69.0,%,FY ended 2025-03,https://www.ir-tracker.com/en/articles/6976-2026-Q3,2026,[FACT]
Taiyo Yuden,Q1 FY3/2027 capacitor revenue,69.022,bn JPY,Q1 FY3/2027,https://finance.biggo.com/news/JP_6976.T_2026-08-05,2026-08-18,[FACT]
Taiyo Yuden,Capacitor book-to-bill (MLCC),1.72,ratio,Q1 FY3/2027,https://finance.biggo.com/news/JP_6976.T_2026-08-05,2026-08-18,[FACT]
Taiyo Yuden,Utilization Q1,85,%,Q1 FY3/2027,https://finance.biggo.com/news/JP_6976.T_2026-08-05,2026-08-18,[FACT]
Taiyo Yuden,Capex FY3/2027 revised; Malaysia plant accelerated,42,bn JPY,FY ending 2027-03,https://finance.biggo.com/news/JP_6976.T_2026-08-05,2026-08-18,[FACT]
Taiyo Yuden,Niigata Building 4 investment,15.0,bn JPY,announced,https://www.yuden.co.jp/en/news/category/upload/190128en.pdf,2019-01-28,[FACT]
Taiyo Yuden,Sarawak (Kuching) MLCC investment,680,mn MYR,announced,https://www.bernama.com/en/news.php?id=2005579,n/a (verify),[FACT]
TDK,Passive components sales forecast FY3/2027,593.2,bn JPY,FY ending 2027-03,https://www.mreport.co.th/en/news/industry-movement/110-japan-electronic-components-ai-outlook-2026,2026,[ATTRIBUTED]
TDK,Passive components share of revenue (approx),20,%,2026,https://finance.biggo.com/news/035d3747-1fcd-4ce7-8fbe-2285212e590c,2026-09-29,[ATTRIBUTED]
Yageo,Q2 2026 revenue (total),44.5,bn TWD,Q2 2026,https://finance.biggo.com/news/TW_2327.TW_2026-07-29,2026-08-03,[FACT]
Yageo,Book-to-bill,2.2,ratio,end-Jun 2026,https://finance.biggo.com/news/TW_2327.TW_2026-07-29,2026-08-03,[FACT]
Yageo,Utilization commodity Q2 -> Q3 guide,~80 -> >90,%,Q2-Q3 2026,https://finance.biggo.com/news/TW_2327.TW_2026-07-29,2026-08-03,[FACT]
Yageo,Utilization specialty Q2 -> Q3 guide,~85 -> >90,%,Q2-Q3 2026,https://finance.biggo.com/news/TW_2327.TW_2026-07-29,2026-08-03,[FACT]
Yageo,H1 2026 capex,<3,bn TWD,H1 2026,https://finance.biggo.com/news/TW_2327.TW_2026-07-29,2026-08-03,[FACT]
Yageo,Greater China distributor inventory,2,months,Jul 2026,https://finance.biggo.com/news/TW_2327.TW_2026-07-29,2026-08-03,[FACT]
Walsin,MLCC share of revenue,46.4,%,Q1 2026,https://finance.biggo.com/news/TW_2492.TW_2026-05-27,2026-05-27,[FACT]
Walsin,Q1 2026 revenue (total),9.56,bn TWD,Q1 2026,https://finance.biggo.com/news/TW_2492.TW_2026-05-27,2026-05-27,[FACT]
Walsin,MLCC utilization (80-85%; 'near full' in Aug),80-85,%,2026,https://finance.biggo.com/news/2TUNwZ4BHDAP3F-7ILW3,n/a,[ATTRIBUTED]
Walsin,"Capacity expansion +10% end-2026, +10% 2027; capex ~NT$4bn",4,bn TWD,2026-2027,https://finance.biggo.com/news/d478cae8-9d09-41bb-a303-118140ab45e9,2026-08-10,[ATTRIBUTED]
Walsin,Book-to-bill,1.8,ratio,Aug 2026,https://finance.biggo.com/news/d478cae8-9d09-41bb-a303-118140ab45e9,2026-08-10,[ATTRIBUTED]
Holy Stone,Planned extra investment (Hokkaido line + Yilan Lize),3,bn TWD,2026,https://www.digitimes.com/news/a20260326PD207/holy-stone-capacity-mlcc-taiwan-production.html,2026-03-26,[ATTRIBUTED]
Holy Stone,MLCC revenue 2024,0.45,bn USD,2024,https://datatrack.trendforce.com/Chart/finwhale/4202,n/a,[ESTIMATE]
Industry,Global MLCC demand 2025,5,trn pcs/year,2025,https://finance.biggo.com/news/BCo4np4BrAZSr0oSUIyJ,2026-06-06,[ESTIMATE]
Industry,AI servers share of unit demand / of capacity,2-3 / ~10,%,2025,https://finance.biggo.com/news/BCo4np4BrAZSr0oSUIyJ,2026-06-06,[ESTIMATE]
Industry,Mainstream channel inventory,30,days (below),Jul 2026,https://www.trendforce.com/presscenter/news/20260728-13155.html,2026-07-28,[ATTRIBUTED]
Industry,AI/auto MLCC lead time,20-26,weeks,Jun 2026,https://passive-components.eu/mlccs-in-the-age-of-ai-q2-2026-market-tightness/,2026-06-30,[ATTRIBUTED]
Industry,Global MLCC share Murata,40,% (value),2026,https://passive-components.eu/mlccs-in-the-age-of-ai-q2-2026-market-tightness/,2026-06-30,[ATTRIBUTED]
Industry,Global MLCC share SEMCO,18,% (value),2026,https://passive-components.eu/mlccs-in-the-age-of-ai-q2-2026-market-tightness/,2026-06-30,[ATTRIBUTED]
Industry,Global MLCC share TDK / Taiyo Yuden / Yageo / Kyocera AVX,12 / 10 / 10 / 5,% (value),2026,https://passive-components.eu/mlccs-in-the-age-of-ai-q2-2026-market-tightness/,2026-06-30,[ATTRIBUTED]
Industry,AI-server MLCC share Murata / SEMCO / TDK / TY / Yageo,45 / 40 / <5 / <4 / ~3,%,2026,https://passive-components.eu/mlccs-in-the-age-of-ai-q2-2026-market-tightness/,2026-06-30,[ATTRIBUTED]
Industry,SEMCO global share H1 2024 (conflicts with 18%),24,%,H1 2024,https://passive-components.eu/chinas-mlcc-makers-reach-10-market-share/,2025-06-16,[ATTRIBUTED]
Industry,China makers share H2 2024 (6% in 2019),10,%,H2 2024,https://passive-components.eu/chinas-mlcc-makers-reach-10-market-share/,2025-06-16,[ATTRIBUTED]
Industry,Sakai Chemical share of BaTiO3 merchant supply,25-28,%,2026,https://www.archetype-research.com/p/sakai-chemical-and-nippon-chemical,2026,[ATTRIBUTED]
