date,indicator,value,unit,source_url
2019-06-30,Murata total orders [FACT] FY2019 Q1,339.1,JPY bn,https://corporate.murata.com/-/media/corporate/about/newsroom/news/irnews/irnews/2022/0713/factbook2022.ashx
2019-06-30,Murata total book-to-bill [FACT] FY2019 Q1,0.95,ratio,https://corporate.murata.com/-/media/corporate/about/newsroom/news/irnews/irnews/2022/0713/factbook2022.ashx
2019-09-30,Murata total orders [FACT] FY2019 Q2,392.3,JPY bn,https://corporate.murata.com/-/media/corporate/about/newsroom/news/irnews/irnews/2022/0713/factbook2022.ashx
2019-09-30,Murata total book-to-bill [FACT] FY2019 Q2,0.97,ratio,https://corporate.murata.com/-/media/corporate/about/newsroom/news/irnews/irnews/2022/0713/factbook2022.ashx
2019-12-31,Murata total orders [FACT] FY2019 Q3,413.1,JPY bn,https://corporate.murata.com/-/media/corporate/about/newsroom/news/irnews/irnews/2022/0713/factbook2022.ashx
2019-12-31,Murata total book-to-bill [FACT] FY2019 Q3,1.01,ratio,https://corporate.murata.com/-/media/corporate/about/newsroom/news/irnews/irnews/2022/0713/factbook2022.ashx
2020-03-31,Murata total orders [FACT] FY2019 Q4,362.5,JPY bn,https://corporate.murata.com/-/media/corporate/about/newsroom/news/irnews/irnews/2022/0713/factbook2022.ashx
2020-03-31,Murata total book-to-bill [FACT] FY2019 Q4,1.0,ratio,https://corporate.murata.com/-/media/corporate/about/newsroom/news/irnews/irnews/2022/0713/factbook2022.ashx
2020-06-30,Murata total orders [FACT] FY2020 Q1,293.5,JPY bn,https://corporate.murata.com/-/media/corporate/about/newsroom/news/irnews/irnews/2022/0713/factbook2022.ashx
2020-06-30,Murata total book-to-bill [FACT] FY2020 Q1,0.9,ratio,https://corporate.murata.com/-/media/corporate/about/newsroom/news/irnews/irnews/2022/0713/factbook2022.ashx
2020-09-30,Murata total orders [FACT] FY2020 Q2,475.7,JPY bn,https://corporate.murata.com/-/media/corporate/about/newsroom/news/irnews/irnews/2022/0713/factbook2022.ashx
2020-09-30,Murata total book-to-bill [FACT] FY2020 Q2,1.12,ratio,https://corporate.murata.com/-/media/corporate/about/newsroom/news/irnews/irnews/2022/0713/factbook2022.ashx
2020-12-31,Murata total orders [FACT] FY2020 Q3,536.4,JPY bn,https://corporate.murata.com/-/media/corporate/about/newsroom/news/irnews/irnews/2022/0713/factbook2022.ashx
2020-12-31,Murata total book-to-bill [FACT] FY2020 Q3,1.15,ratio,https://corporate.murata.com/-/media/corporate/about/newsroom/news/irnews/irnews/2022/0713/factbook2022.ashx
2021-03-31,Murata total orders [FACT] FY2020 Q4,516.2,JPY bn,https://corporate.murata.com/-/media/corporate/about/newsroom/news/irnews/irnews/2022/0713/factbook2022.ashx
2021-03-31,Murata total book-to-bill [FACT] FY2020 Q4,1.26,ratio,https://corporate.murata.com/-/media/corporate/about/newsroom/news/irnews/irnews/2022/0713/factbook2022.ashx
2021-06-30,Murata total orders [FACT] FY2021 Q1,495.2,JPY bn,https://corporate.murata.com/-/media/corporate/about/newsroom/news/irnews/irnews/2022/0713/factbook2022.ashx
2021-06-30,Murata total book-to-bill [FACT] FY2021 Q1,1.13,ratio,https://corporate.murata.com/-/media/corporate/about/newsroom/news/irnews/irnews/2022/0713/factbook2022.ashx
2021-09-30,Murata total orders [FACT] FY2021 Q2,480.4,JPY bn,https://corporate.murata.com/-/media/corporate/about/newsroom/news/irnews/irnews/2022/0713/factbook2022.ashx
2021-09-30,Murata total book-to-bill [FACT] FY2021 Q2,1.03,ratio,https://corporate.murata.com/-/media/corporate/about/newsroom/news/irnews/irnews/2022/0713/factbook2022.ashx
2021-12-31,Murata total orders [FACT] FY2021 Q3,449.9,JPY bn,https://corporate.murata.com/-/media/corporate/about/newsroom/news/irnews/irnews/2022/0713/factbook2022.ashx
2021-12-31,Murata total book-to-bill [FACT] FY2021 Q3,0.96,ratio,https://corporate.murata.com/-/media/corporate/about/newsroom/news/irnews/irnews/2022/0713/factbook2022.ashx
2022-03-31,Murata total orders [FACT] FY2021 Q4,471.6,JPY bn,https://corporate.murata.com/-/media/corporate/about/newsroom/news/irnews/irnews/2022/0713/factbook2022.ashx
2022-03-31,Murata total book-to-bill [FACT] FY2021 Q4,1.09,ratio,https://corporate.murata.com/-/media/corporate/about/newsroom/news/irnews/irnews/2022/0713/factbook2022.ashx
2022-06-30,Murata total orders [FACT] FY2022 Q1,426.5,JPY bn,https://corporate.murata.com/-/media/corporate/about/newsroom/news/irnews/irnews/2024/0628b/factbook2024.ashx
2022-06-30,Murata total book-to-bill [FACT] FY2022 Q1,0.98,ratio,https://corporate.murata.com/-/media/corporate/about/newsroom/news/irnews/irnews/2024/0628b/factbook2024.ashx
2022-09-30,Murata total orders [FACT] FY2022 Q2,439.7,JPY bn,https://corporate.murata.com/-/media/corporate/about/newsroom/news/irnews/irnews/2024/0628b/factbook2024.ashx
2022-09-30,Murata total book-to-bill [FACT] FY2022 Q2,0.91,ratio,https://corporate.murata.com/-/media/corporate/about/newsroom/news/irnews/irnews/2024/0628b/factbook2024.ashx
2022-12-31,Murata total orders [FACT] FY2022 Q3,324.8,JPY bn,https://corporate.murata.com/-/media/corporate/about/newsroom/news/irnews/irnews/2024/0628b/factbook2024.ashx
2022-12-31,Murata total book-to-bill [FACT] FY2022 Q3,0.78,ratio,https://corporate.murata.com/-/media/corporate/about/newsroom/news/irnews/irnews/2024/0628b/factbook2024.ashx
2023-03-31,Murata total orders [FACT] FY2022 Q4,313.8,JPY bn,https://corporate.murata.com/-/media/corporate/about/newsroom/news/irnews/irnews/2024/0628b/factbook2024.ashx
2023-03-31,Murata total book-to-bill [FACT] FY2022 Q4,0.9,ratio,https://corporate.murata.com/-/media/corporate/about/newsroom/news/irnews/irnews/2024/0628b/factbook2024.ashx
2023-06-30,Murata total orders [FACT] FY2023 Q1,361.0,JPY bn,https://corporate.murata.com/-/media/corporate/about/newsroom/news/irnews/irnews/2026/0626/factbook2026.ashx
2023-06-30,Murata total book-to-bill [FACT] FY2023 Q1,0.98,ratio,https://corporate.murata.com/-/media/corporate/about/newsroom/news/irnews/irnews/2026/0626/factbook2026.ashx
2023-09-30,Murata total orders [FACT] FY2023 Q2,419.8,JPY bn,https://corporate.murata.com/-/media/corporate/about/newsroom/news/irnews/irnews/2026/0626/factbook2026.ashx
2023-09-30,Murata total book-to-bill [FACT] FY2023 Q2,0.95,ratio,https://corporate.murata.com/-/media/corporate/about/newsroom/news/irnews/irnews/2026/0626/factbook2026.ashx
2023-12-31,Murata total orders [FACT] FY2023 Q3,419.2,JPY bn,https://corporate.murata.com/-/media/corporate/about/newsroom/news/irnews/irnews/2026/0626/factbook2026.ashx
2023-12-31,Murata total book-to-bill [FACT] FY2023 Q3,0.95,ratio,https://corporate.murata.com/-/media/corporate/about/newsroom/news/irnews/irnews/2026/0626/factbook2026.ashx
2024-03-31,Murata total orders [FACT] FY2023 Q4,410.5,JPY bn,https://corporate.murata.com/-/media/corporate/about/newsroom/news/irnews/irnews/2026/0626/factbook2026.ashx
2024-03-31,Murata total book-to-bill [FACT] FY2023 Q4,1.05,ratio,https://corporate.murata.com/-/media/corporate/about/newsroom/news/irnews/irnews/2026/0626/factbook2026.ashx
2024-06-30,Murata total orders [FACT] FY2024 Q1,429.9,JPY bn,https://corporate.murata.com/-/media/corporate/about/newsroom/news/irnews/irnews/2026/0626/factbook2026.ashx
2024-06-30,Murata total book-to-bill [FACT] FY2024 Q1,1.02,ratio,https://corporate.murata.com/-/media/corporate/about/newsroom/news/irnews/irnews/2026/0626/factbook2026.ashx
2024-09-30,Murata total orders [FACT] FY2024 Q2,426.7,JPY bn,https://corporate.murata.com/-/media/corporate/about/newsroom/news/irnews/irnews/2026/0626/factbook2026.ashx
2024-09-30,Murata total book-to-bill [FACT] FY2024 Q2,0.92,ratio,https://corporate.murata.com/-/media/corporate/about/newsroom/news/irnews/irnews/2026/0626/factbook2026.ashx
2024-12-31,Murata total orders [FACT] FY2024 Q3,449.3,JPY bn,https://corporate.murata.com/-/media/corporate/about/newsroom/news/irnews/irnews/2026/0626/factbook2026.ashx
2024-12-31,Murata total book-to-bill [FACT] FY2024 Q3,1.0,ratio,https://corporate.murata.com/-/media/corporate/about/newsroom/news/irnews/irnews/2026/0626/factbook2026.ashx
2025-03-31,Murata total orders [FACT] FY2024 Q4,414.9,JPY bn,https://corporate.murata.com/-/media/corporate/about/newsroom/news/irnews/irnews/2026/0626/factbook2026.ashx
2025-03-31,Murata total book-to-bill [FACT] FY2024 Q4,1.01,ratio,https://corporate.murata.com/-/media/corporate/about/newsroom/news/irnews/irnews/2026/0626/factbook2026.ashx
2025-06-30,Murata total orders [ATTRIBUTED] FY2025 Q1,431.1,JPY bn,https://corporate.murata.com/-/media/corporate/about/newsroom/news/irnews/irnews/2025/1031b/25q2-e.ashx (orders per search summary; backlog cross-checked to fact book 2026)
2025-06-30,Murata total book-to-bill [ESTIMATE=orders/sales] FY2025 Q1,1.04,ratio,derived: orders/revenue
2025-09-30,Murata total orders [ATTRIBUTED] FY2025 Q2,487.0,JPY bn,https://corporate.murata.com/-/media/corporate/about/newsroom/news/irnews/irnews/2025/1031b/25q2-e.ashx (orders per search summary; backlog cross-checked to fact book 2026)
2025-09-30,Murata total book-to-bill [ESTIMATE=orders/sales] FY2025 Q2,1.0,ratio,derived: orders/revenue
2025-12-31,Murata total orders [ATTRIBUTED] FY2025 Q3,500.7,JPY bn,https://corporate.murata.com/-/media/corporate/about/newsroom/news/irnews/irnews/2025/1031b/25q2-e.ashx (orders per search summary; backlog cross-checked to fact book 2026)
2025-12-31,Murata total book-to-bill [ESTIMATE=orders/sales] FY2025 Q3,1.07,ratio,derived: orders/revenue
2026-03-31,Murata total orders [ATTRIBUTED] FY2025 Q4,570.7,JPY bn,https://corporate.murata.com/-/media/corporate/about/newsroom/news/irnews/irnews/2025/1031b/25q2-e.ashx (orders per search summary; backlog cross-checked to fact book 2026)
2026-03-31,Murata total book-to-bill [ESTIMATE=orders/sales] FY2025 Q4,1.24,ratio,derived: orders/revenue
2026-06-30,Murata total orders [ESTIMATE=1.34 x 502.3] FY2026 Q1,673,JPY bn,https://corporate.murata.com/-/media/corporate/about/newsroom/news/irnews/irnews/2026/0731d/26q1-e-speach.ashx
2026-06-30,Murata revenue [FACT] FY2026 Q1,502.3,JPY bn,https://corporate.murata.com/-/media/corporate/about/newsroom/news/irnews/irnews/2026/0731d/26q1-e-speach.ashx
2026-06-30,Murata operating profit [FACT] FY2026 Q1,98.5,JPY bn,https://corporate.murata.com/-/media/corporate/about/newsroom/news/irnews/irnews/2026/0731d/26q1-e-speach.ashx
2026-06-30,Murata total book-to-bill [FACT] FY2026 Q1,1.34,ratio,https://corporate.murata.com/-/media/corporate/about/newsroom/news/irnews/irnews/2026/0731d/26q1-e-speach.ashx
2026-06-30,Murata MLCC book-to-bill [FACT] FY2026 Q1,1.47,ratio,https://corporate.murata.com/-/media/corporate/about/newsroom/news/irnews/irnews/2026/0731d/26q1-e-speach.ashx
2026-06-30,Murata capacitor orders [ATTRIBUTED] FY2026 Q1,415.5,JPY bn,https://www.bitget.com/news/detail/12560605591446
2026-06-30,"Murata utilization [FACT] ""very close to 95%""",95,%,https://corporate.murata.com/-/media/corporate/about/newsroom/news/irnews/irnews/2026/0731d/26q1-e-speach.ashx
2026-06-30,Murata inventory change QoQ [FACT],18.5,JPY bn increase,https://corporate.murata.com/-/media/corporate/about/newsroom/news/irnews/irnews/2026/0731d/26q1-e-speach.ashx
2026-07-31,"Murata FY2026 guidance revenue (raised from 1,960) [ATTRIBUTED]",2110,JPY bn,https://finance.biggo.com/news/JP_6981.T_2026-07-31
2026-07-31,Murata FY2026 guidance operating profit (raised from 380) [ATTRIBUTED],430,JPY bn,https://finance.biggo.com/news/JP_6981.T_2026-07-31
2026-07-31,Murata FY2026 data-center sales guidance (raised from 325) [ATTRIBUTED],370.6,JPY bn,https://finance.biggo.com/news/JP_6981.T_2026-07-31
2026-07-31,Murata FY2026 capex guidance [ATTRIBUTED],225,JPY bn,https://finance.biggo.com/news/JP_6981.T_2026-07-31
2019-06-30,Murata capacitor orders [FACT] FY2019 Q1,110.3,JPY bn,https://corporate.murata.com/-/media/corporate/about/newsroom/news/irnews/irnews/2022/0713/factbook2022.ashx
2019-06-30,Murata capacitor book-to-bill [FACT] FY2019 Q1,0.8,ratio,https://corporate.murata.com/-/media/corporate/about/newsroom/news/irnews/irnews/2022/0713/factbook2022.ashx
2019-09-30,Murata capacitor orders [FACT] FY2019 Q2,117.5,JPY bn,https://corporate.murata.com/-/media/corporate/about/newsroom/news/irnews/irnews/2022/0713/factbook2022.ashx
2019-09-30,Murata capacitor book-to-bill [FACT] FY2019 Q2,0.85,ratio,https://corporate.murata.com/-/media/corporate/about/newsroom/news/irnews/irnews/2022/0713/factbook2022.ashx
2019-12-31,Murata capacitor orders [FACT] FY2019 Q3,156.2,JPY bn,https://corporate.murata.com/-/media/corporate/about/newsroom/news/irnews/irnews/2022/0713/factbook2022.ashx
2019-12-31,Murata capacitor book-to-bill [FACT] FY2019 Q3,1.07,ratio,https://corporate.murata.com/-/media/corporate/about/newsroom/news/irnews/irnews/2022/0713/factbook2022.ashx
2020-03-31,Murata capacitor orders [FACT] FY2019 Q4,154.5,JPY bn,https://corporate.murata.com/-/media/corporate/about/newsroom/news/irnews/irnews/2022/0713/factbook2022.ashx
2020-03-31,Murata capacitor book-to-bill [FACT] FY2019 Q4,1.12,ratio,https://corporate.murata.com/-/media/corporate/about/newsroom/news/irnews/irnews/2022/0713/factbook2022.ashx
2020-06-30,Murata capacitor orders [FACT] FY2020 Q1,117.5,JPY bn,https://corporate.murata.com/-/media/corporate/about/newsroom/news/irnews/irnews/2022/0713/factbook2022.ashx
2020-06-30,Murata capacitor book-to-bill [FACT] FY2020 Q1,0.87,ratio,https://corporate.murata.com/-/media/corporate/about/newsroom/news/irnews/irnews/2022/0713/factbook2022.ashx
2020-09-30,Murata capacitor orders [FACT] FY2020 Q2,167.0,JPY bn,https://corporate.murata.com/-/media/corporate/about/newsroom/news/irnews/irnews/2022/0713/factbook2022.ashx
2020-09-30,Murata capacitor book-to-bill [FACT] FY2020 Q2,1.07,ratio,https://corporate.murata.com/-/media/corporate/about/newsroom/news/irnews/irnews/2022/0713/factbook2022.ashx
2020-12-31,Murata capacitor orders [FACT] FY2020 Q3,199.8,JPY bn,https://corporate.murata.com/-/media/corporate/about/newsroom/news/irnews/irnews/2022/0713/factbook2022.ashx
2020-12-31,Murata capacitor book-to-bill [FACT] FY2020 Q3,1.19,ratio,https://corporate.murata.com/-/media/corporate/about/newsroom/news/irnews/irnews/2022/0713/factbook2022.ashx
2021-03-31,Murata capacitor orders [FACT] FY2020 Q4,222.6,JPY bn,https://corporate.murata.com/-/media/corporate/about/newsroom/news/irnews/irnews/2022/0713/factbook2022.ashx
2021-03-31,Murata capacitor book-to-bill [FACT] FY2020 Q4,1.32,ratio,https://corporate.murata.com/-/media/corporate/about/newsroom/news/irnews/irnews/2022/0713/factbook2022.ashx
2021-06-30,Murata capacitor orders [FACT] FY2021 Q1,223.8,JPY bn,https://corporate.murata.com/-/media/corporate/about/newsroom/news/irnews/irnews/2022/0713/factbook2022.ashx
2021-06-30,Murata capacitor book-to-bill [FACT] FY2021 Q1,1.18,ratio,https://corporate.murata.com/-/media/corporate/about/newsroom/news/irnews/irnews/2022/0713/factbook2022.ashx
2021-09-30,Murata capacitor orders [FACT] FY2021 Q2,198.1,JPY bn,https://corporate.murata.com/-/media/corporate/about/newsroom/news/irnews/irnews/2022/0713/factbook2022.ashx
2021-09-30,Murata capacitor book-to-bill [FACT] FY2021 Q2,0.98,ratio,https://corporate.murata.com/-/media/corporate/about/newsroom/news/irnews/irnews/2022/0713/factbook2022.ashx
2021-12-31,Murata capacitor orders [FACT] FY2021 Q3,189.9,JPY bn,https://corporate.murata.com/-/media/corporate/about/newsroom/news/irnews/irnews/2022/0713/factbook2022.ashx
2021-12-31,Murata capacitor book-to-bill [FACT] FY2021 Q3,0.95,ratio,https://corporate.murata.com/-/media/corporate/about/newsroom/news/irnews/irnews/2022/0713/factbook2022.ashx
2022-03-31,Murata capacitor orders [FACT] FY2021 Q4,211.6,JPY bn,https://corporate.murata.com/-/media/corporate/about/newsroom/news/irnews/irnews/2022/0713/factbook2022.ashx
2022-03-31,Murata capacitor book-to-bill [FACT] FY2021 Q4,1.1,ratio,https://corporate.murata.com/-/media/corporate/about/newsroom/news/irnews/irnews/2022/0713/factbook2022.ashx
2022-06-30,Murata capacitor orders [FACT] FY2022 Q1,197.5,JPY bn,https://corporate.murata.com/-/media/corporate/about/newsroom/news/irnews/irnews/2024/0628b/factbook2024.ashx
2022-06-30,Murata capacitor book-to-bill [FACT] FY2022 Q1,0.98,ratio,https://corporate.murata.com/-/media/corporate/about/newsroom/news/irnews/irnews/2024/0628b/factbook2024.ashx
2022-09-30,Murata capacitor orders [FACT] FY2022 Q2,164.9,JPY bn,https://corporate.murata.com/-/media/corporate/about/newsroom/news/irnews/irnews/2024/0628b/factbook2024.ashx
2022-09-30,Murata capacitor book-to-bill [FACT] FY2022 Q2,0.85,ratio,https://corporate.murata.com/-/media/corporate/about/newsroom/news/irnews/irnews/2024/0628b/factbook2024.ashx
2022-12-31,Murata capacitor orders [FACT] FY2022 Q3,144.3,JPY bn,https://corporate.murata.com/-/media/corporate/about/newsroom/news/irnews/irnews/2024/0628b/factbook2024.ashx
2022-12-31,Murata capacitor book-to-bill [FACT] FY2022 Q3,0.79,ratio,https://corporate.murata.com/-/media/corporate/about/newsroom/news/irnews/irnews/2024/0628b/factbook2024.ashx
2023-03-31,Murata capacitor orders [FACT] FY2022 Q4,139.3,JPY bn,https://corporate.murata.com/-/media/corporate/about/newsroom/news/irnews/irnews/2024/0628b/factbook2024.ashx
2023-03-31,Murata capacitor book-to-bill [FACT] FY2022 Q4,0.87,ratio,https://corporate.murata.com/-/media/corporate/about/newsroom/news/irnews/irnews/2024/0628b/factbook2024.ashx
2023-06-30,Murata capacitor orders [FACT] FY2023 Q1,164.3,JPY bn,https://corporate.murata.com/-/media/corporate/about/newsroom/news/irnews/irnews/2026/0626/factbook2026.ashx
2023-06-30,Murata capacitor book-to-bill [FACT] FY2023 Q1,0.97,ratio,https://corporate.murata.com/-/media/corporate/about/newsroom/news/irnews/irnews/2026/0626/factbook2026.ashx
2023-09-30,Murata capacitor orders [FACT] FY2023 Q2,190.3,JPY bn,https://corporate.murata.com/-/media/corporate/about/newsroom/news/irnews/irnews/2026/0626/factbook2026.ashx
2023-09-30,Murata capacitor book-to-bill [FACT] FY2023 Q2,0.97,ratio,https://corporate.murata.com/-/media/corporate/about/newsroom/news/irnews/irnews/2026/0626/factbook2026.ashx
2023-12-31,Murata capacitor orders [FACT] FY2023 Q3,203.7,JPY bn,https://corporate.murata.com/-/media/corporate/about/newsroom/news/irnews/irnews/2026/0626/factbook2026.ashx
2023-12-31,Murata capacitor book-to-bill [FACT] FY2023 Q3,1.03,ratio,https://corporate.murata.com/-/media/corporate/about/newsroom/news/irnews/irnews/2026/0626/factbook2026.ashx
2024-03-31,Murata capacitor orders [FACT] FY2023 Q4,200.5,JPY bn,https://corporate.murata.com/-/media/corporate/about/newsroom/news/irnews/irnews/2026/0626/factbook2026.ashx
2024-03-31,Murata capacitor book-to-bill [FACT] FY2023 Q4,1.06,ratio,https://corporate.murata.com/-/media/corporate/about/newsroom/news/irnews/irnews/2026/0626/factbook2026.ashx
2024-06-30,Murata capacitor orders [FACT] FY2024 Q1,213.2,JPY bn,https://corporate.murata.com/-/media/corporate/about/newsroom/news/irnews/irnews/2026/0626/factbook2026.ashx
2024-06-30,Murata capacitor book-to-bill [FACT] FY2024 Q1,1.05,ratio,https://corporate.murata.com/-/media/corporate/about/newsroom/news/irnews/irnews/2026/0626/factbook2026.ashx
2024-09-30,Murata capacitor orders [FACT] FY2024 Q2,204.7,JPY bn,https://corporate.murata.com/-/media/corporate/about/newsroom/news/irnews/irnews/2026/0626/factbook2026.ashx
2024-09-30,Murata capacitor book-to-bill [FACT] FY2024 Q2,0.96,ratio,https://corporate.murata.com/-/media/corporate/about/newsroom/news/irnews/irnews/2026/0626/factbook2026.ashx
2024-12-31,Murata capacitor orders [FACT] FY2024 Q3,207.2,JPY bn,https://corporate.murata.com/-/media/corporate/about/newsroom/news/irnews/irnews/2026/0626/factbook2026.ashx
2024-12-31,Murata capacitor book-to-bill [FACT] FY2024 Q3,0.97,ratio,https://corporate.murata.com/-/media/corporate/about/newsroom/news/irnews/irnews/2026/0626/factbook2026.ashx
2025-03-31,Murata capacitor orders [FACT] FY2024 Q4,207.6,JPY bn,https://corporate.murata.com/-/media/corporate/about/newsroom/news/irnews/irnews/2026/0626/factbook2026.ashx
2025-03-31,Murata capacitor book-to-bill [FACT] FY2024 Q4,1.03,ratio,https://corporate.murata.com/-/media/corporate/about/newsroom/news/irnews/irnews/2026/0626/factbook2026.ashx
2025-06-30,Murata capacitor book-to-bill [ATTRIBUTED] FY2025 Q1,1.03,ratio,https://corporate.murata.com/-/media/corporate/about/newsroom/news/irnews/irnews/2025/1031b/25q2-e.ashx
2025-09-30,Murata capacitor book-to-bill [ATTRIBUTED] FY2025 Q2,1.01,ratio,https://corporate.murata.com/-/media/corporate/about/newsroom/news/irnews/irnews/2025/1031b/25q2-e.ashx
2020-06-30,Murata total order backlog [FACT],207.5,JPY bn,https://corporate.murata.com/-/media/corporate/about/newsroom/news/irnews/irnews/2022/0713/factbook2022.ashx
2020-06-30,Murata capacitor order backlog [FACT],92.4,JPY bn,https://corporate.murata.com/-/media/corporate/about/newsroom/news/irnews/irnews/2022/0713/factbook2022.ashx
2020-09-30,Murata total order backlog [FACT],258.6,JPY bn,https://corporate.murata.com/-/media/corporate/about/newsroom/news/irnews/irnews/2022/0713/factbook2022.ashx
2020-09-30,Murata capacitor order backlog [FACT],103.3,JPY bn,https://corporate.murata.com/-/media/corporate/about/newsroom/news/irnews/irnews/2022/0713/factbook2022.ashx
2020-12-31,Murata total order backlog [FACT],327.0,JPY bn,https://corporate.murata.com/-/media/corporate/about/newsroom/news/irnews/irnews/2022/0713/factbook2022.ashx
2020-12-31,Murata capacitor order backlog [FACT],135.8,JPY bn,https://corporate.murata.com/-/media/corporate/about/newsroom/news/irnews/irnews/2022/0713/factbook2022.ashx
2021-03-31,Murata total order backlog [FACT],434.3,JPY bn,https://corporate.murata.com/-/media/corporate/about/newsroom/news/irnews/irnews/2022/0713/factbook2022.ashx
2021-03-31,Murata capacitor order backlog [FACT],189.7,JPY bn,https://corporate.murata.com/-/media/corporate/about/newsroom/news/irnews/irnews/2022/0713/factbook2022.ashx
2021-06-30,Murata total order backlog [FACT],490.7,JPY bn,https://corporate.murata.com/-/media/corporate/about/newsroom/news/irnews/irnews/2022/0713/factbook2022.ashx
2021-06-30,Murata capacitor order backlog [FACT],224.3,JPY bn,https://corporate.murata.com/-/media/corporate/about/newsroom/news/irnews/irnews/2022/0713/factbook2022.ashx
2021-09-30,Murata total order backlog [FACT],503.3,JPY bn,https://corporate.murata.com/-/media/corporate/about/newsroom/news/irnews/irnews/2022/0713/factbook2022.ashx
2021-09-30,Murata capacitor order backlog [FACT],220.0,JPY bn,https://corporate.murata.com/-/media/corporate/about/newsroom/news/irnews/irnews/2022/0713/factbook2022.ashx
2021-12-31,Murata total order backlog [FACT],482.7,JPY bn,https://corporate.murata.com/-/media/corporate/about/newsroom/news/irnews/irnews/2022/0713/factbook2022.ashx
2021-12-31,Murata capacitor order backlog [FACT],209.3,JPY bn,https://corporate.murata.com/-/media/corporate/about/newsroom/news/irnews/irnews/2022/0713/factbook2022.ashx
2022-03-31,Murata total order backlog [FACT],521.8,JPY bn,https://corporate.murata.com/-/media/corporate/about/newsroom/news/irnews/irnews/2022/0713/factbook2022.ashx
2022-03-31,Murata capacitor order backlog [FACT],227.9,JPY bn,https://corporate.murata.com/-/media/corporate/about/newsroom/news/irnews/irnews/2022/0713/factbook2022.ashx
2022-06-30,Murata total order backlog [FACT],511.6,JPY bn,https://corporate.murata.com/-/media/corporate/about/newsroom/news/irnews/irnews/2024/0628b/factbook2024.ashx
2022-06-30,Murata capacitor order backlog [FACT],224.0,JPY bn,https://corporate.murata.com/-/media/corporate/about/newsroom/news/irnews/irnews/2024/0628b/factbook2024.ashx
2022-09-30,Murata total order backlog [FACT],467.8,JPY bn,https://corporate.murata.com/-/media/corporate/about/newsroom/news/irnews/irnews/2024/0628b/factbook2024.ashx
2022-09-30,Murata capacitor order backlog [FACT],194.5,JPY bn,https://corporate.murata.com/-/media/corporate/about/newsroom/news/irnews/irnews/2024/0628b/factbook2024.ashx
2022-12-31,Murata total order backlog [FACT],373.6,JPY bn,https://corporate.murata.com/-/media/corporate/about/newsroom/news/irnews/irnews/2024/0628b/factbook2024.ashx
2022-12-31,Murata capacitor order backlog [FACT],156.1,JPY bn,https://corporate.murata.com/-/media/corporate/about/newsroom/news/irnews/irnews/2024/0628b/factbook2024.ashx
2023-03-31,Murata total order backlog [FACT],339.8,JPY bn,https://corporate.murata.com/-/media/corporate/about/newsroom/news/irnews/irnews/2024/0628b/factbook2024.ashx
2023-03-31,Murata capacitor order backlog [FACT],135.9,JPY bn,https://corporate.murata.com/-/media/corporate/about/newsroom/news/irnews/irnews/2024/0628b/factbook2024.ashx
2023-06-30,Murata total order backlog [FACT],333.0,JPY bn,https://corporate.murata.com/-/media/corporate/about/newsroom/news/irnews/irnews/2024/0628b/factbook2024.ashx
2023-06-30,Murata capacitor order backlog [FACT],130.7,JPY bn,https://corporate.murata.com/-/media/corporate/about/newsroom/news/irnews/irnews/2024/0628b/factbook2024.ashx
2023-09-30,Murata total order backlog [FACT],310.2,JPY bn,https://corporate.murata.com/-/media/corporate/about/newsroom/news/irnews/irnews/2024/0628b/factbook2024.ashx
2023-09-30,Murata capacitor order backlog [FACT],124.0,JPY bn,https://corporate.murata.com/-/media/corporate/about/newsroom/news/irnews/irnews/2024/0628b/factbook2024.ashx
2023-12-31,Murata total order backlog [FACT],290.0,JPY bn,https://corporate.murata.com/-/media/corporate/about/newsroom/news/irnews/irnews/2024/0628b/factbook2024.ashx
2023-12-31,Murata capacitor order backlog [FACT],129.7,JPY bn,https://corporate.murata.com/-/media/corporate/about/newsroom/news/irnews/irnews/2024/0628b/factbook2024.ashx
2024-03-31,Murata total order backlog [FACT],310.1,JPY bn,https://corporate.murata.com/-/media/corporate/about/newsroom/news/irnews/irnews/2024/0628b/factbook2024.ashx
2024-03-31,Murata capacitor order backlog [FACT],141.2,JPY bn,https://corporate.murata.com/-/media/corporate/about/newsroom/news/irnews/irnews/2024/0628b/factbook2024.ashx
2024-06-30,Murata total order backlog [FACT],318.3,JPY bn,https://corporate.murata.com/-/media/corporate/about/newsroom/news/irnews/irnews/2026/0626/factbook2026.ashx
2024-06-30,Murata capacitor order backlog [FACT],151.1,JPY bn,https://corporate.murata.com/-/media/corporate/about/newsroom/news/irnews/irnews/2026/0626/factbook2026.ashx
2024-09-30,Murata total order backlog [FACT],283.2,JPY bn,https://corporate.murata.com/-/media/corporate/about/newsroom/news/irnews/irnews/2026/0626/factbook2026.ashx
2024-09-30,Murata capacitor order backlog [FACT],141.8,JPY bn,https://corporate.murata.com/-/media/corporate/about/newsroom/news/irnews/irnews/2026/0626/factbook2026.ashx
2024-12-31,Murata total order backlog [FACT],284.4,JPY bn,https://corporate.murata.com/-/media/corporate/about/newsroom/news/irnews/irnews/2026/0626/factbook2026.ashx
2024-12-31,Murata capacitor order backlog [FACT],135.9,JPY bn,https://corporate.murata.com/-/media/corporate/about/newsroom/news/irnews/irnews/2026/0626/factbook2026.ashx
2025-03-31,Murata total order backlog [FACT],287.5,JPY bn,https://corporate.murata.com/-/media/corporate/about/newsroom/news/irnews/irnews/2026/0626/factbook2026.ashx
2025-03-31,Murata capacitor order backlog [FACT],142.0,JPY bn,https://corporate.murata.com/-/media/corporate/about/newsroom/news/irnews/irnews/2026/0626/factbook2026.ashx
2025-06-30,Murata total order backlog [FACT],302.5,JPY bn,https://corporate.murata.com/-/media/corporate/about/newsroom/news/irnews/irnews/2026/0626/factbook2026.ashx
2025-06-30,Murata capacitor order backlog [FACT],148.7,JPY bn,https://corporate.murata.com/-/media/corporate/about/newsroom/news/irnews/irnews/2026/0626/factbook2026.ashx
2025-09-30,Murata total order backlog [FACT],302.9,JPY bn,https://corporate.murata.com/-/media/corporate/about/newsroom/news/irnews/irnews/2026/0626/factbook2026.ashx
2025-09-30,Murata capacitor order backlog [FACT],152.9,JPY bn,https://corporate.murata.com/-/media/corporate/about/newsroom/news/irnews/irnews/2026/0626/factbook2026.ashx
2025-12-31,Murata total order backlog [FACT],336.1,JPY bn,https://corporate.murata.com/-/media/corporate/about/newsroom/news/irnews/irnews/2026/0626/factbook2026.ashx
2025-12-31,Murata capacitor order backlog [FACT],181.8,JPY bn,https://corporate.murata.com/-/media/corporate/about/newsroom/news/irnews/irnews/2026/0626/factbook2026.ashx
2026-03-31,Murata total order backlog [FACT],446.2,JPY bn,https://corporate.murata.com/-/media/corporate/about/newsroom/news/irnews/irnews/2026/0626/factbook2026.ashx
2026-03-31,Murata capacitor order backlog [FACT],269.2,JPY bn,https://corporate.murata.com/-/media/corporate/about/newsroom/news/irnews/irnews/2026/0626/factbook2026.ashx
2026-06-30,Murata capacitor order backlog [ATTRIBUTED],402.2,JPY bn,https://www.bitget.com/news/detail/12560605591446
2026-03-31,Murata total inventories [FACT],520.5,JPY bn,https://corporate.murata.com/-/media/corporate/about/newsroom/news/irnews/irnews/2026/0626/factbook2026.ashx
2026-06-30,Taiyo Yuden net sales 1Q FYE3/27 [FACT],93.9,JPY bn,https://finance-frontend-pc-dist.west.edge.storage-yahoo.jp/disclosure/20260805/20260805509466.pdf
2026-06-30,Taiyo Yuden operating profit 1Q FYE3/27 [FACT],4.8,JPY bn,https://finance-frontend-pc-dist.west.edge.storage-yahoo.jp/disclosure/20260805/20260805509466.pdf
2026-06-30,Taiyo Yuden capacitor book-to-bill [FACT],1.72,ratio,https://finance-frontend-pc-dist.west.edge.storage-yahoo.jp/disclosure/20260805/20260805509466.pdf
2026-06-30,Taiyo Yuden all-product book-to-bill [FACT],1.58,ratio,https://finance-frontend-pc-dist.west.edge.storage-yahoo.jp/disclosure/20260805/20260805509466.pdf
2026-06-30,Taiyo Yuden capacitor orders QoQ [FACT],41,% QoQ,https://finance-frontend-pc-dist.west.edge.storage-yahoo.jp/disclosure/20260805/20260805509466.pdf
2026-06-30,Taiyo Yuden order backlog QoQ [FACT],78,% QoQ,https://finance-frontend-pc-dist.west.edge.storage-yahoo.jp/disclosure/20260805/20260805509466.pdf
2027-03-31,Taiyo Yuden FY guidance net sales [FACT],424.0,JPY bn,https://finance-frontend-pc-dist.west.edge.storage-yahoo.jp/disclosure/20260805/20260805509466.pdf
2027-03-31,Taiyo Yuden FY guidance operating profit [FACT],45.0,JPY bn,https://finance-frontend-pc-dist.west.edge.storage-yahoo.jp/disclosure/20260805/20260805509466.pdf
2026-06-30,Taiyo Yuden capacitor utilization ~85% [ATTRIBUTED],85,%,https://finance.biggo.com/news/JP_6976.T_2026-08-05
2026-06-30,SEMCO revenue 2Q26 [ATTRIBUTED],3460,KRW bn,https://finance.biggo.com/news/KR_009150.KS_2026-07-30
2026-06-30,SEMCO operating profit 2Q26 [ATTRIBUTED],440.4,KRW bn,https://finance.biggo.com/news/KR_009150.KS_2026-07-30
2026-06-30,SEMCO Component (MLCC) unit revenue 2Q26 [ATTRIBUTED],1649.4,KRW bn,https://finance.biggo.com/news/KR_009150.KS_2026-07-30
2026-06-30,SEMCO MLCC utilization [ATTRIBUTED],91,%,https://en.sedaily.com/finance/2026/09/28/samsung-electro-mechanics-q3-profit-seen-jumping-23-fold-on
2026-09-30,SEMCO 3Q26 operating profit consensus [ATTRIBUTED],605,KRW bn,https://en.sedaily.com/finance/2026/09/28/samsung-electro-mechanics-q3-profit-seen-jumping-23-fold-on
2026-09-02,"SEMCO largest MLCC LTA, delivery CY2027 [ATTRIBUTED]",1072.2,KRW bn,https://www.trendforce.com/news/2026/09/04/news-samsung-electro-mechanics-secures-krw-1-07-trillion-long-term-mlcc-supply-deal-for-ai-servers/
2026-08-01,SEMCO MLCC price increase all categories [ATTRIBUTED],30,%,https://www.trendforce.com/news/2026/08/04/news-across-the-board-30-price-hike-mlcc-price-surge-intensifies/
2026-10-01,SEMCO 4Q26 OEM price hike consumer X5R [ATTRIBUTED],25-30,%,https://www.trendforce.com/presscenter/news/20260827-13202.html
2026-10-01,SEMCO 4Q26 OEM price hike high-end X6S [ATTRIBUTED],10-20,%,https://www.trendforce.com/presscenter/news/20260827-13202.html
2026-10-01,Taiwan/China suppliers 4Q26 hike mid/high-cap consumer MLCC [ATTRIBUTED],10-20,%,https://www.trendforce.com/presscenter/news/20260827-13202.html
2026-06-30,Yageo monthly revenue [ATTRIBUTED] 2026-06,15.359,NT$ bn,https://news.cnyes.com/news/id/6568348
2026-06-30,Yageo revenue MoM 2026-06 [ATTRIBUTED],2,%,https://news.cnyes.com/news/id/6568348
2026-06-30,Yageo revenue YoY 2026-06 [ATTRIBUTED],38.9,%,https://news.cnyes.com/news/id/6568348
2026-07-30,Yageo monthly revenue [ATTRIBUTED] 2026-07,16.131,NT$ bn,https://news.cnyes.com/news/id/6568348
2026-07-30,Yageo revenue MoM 2026-07 [ATTRIBUTED],5,%,https://news.cnyes.com/news/id/6568348
2026-07-30,Yageo revenue YoY 2026-07 [ATTRIBUTED],51.5,%,https://news.cnyes.com/news/id/6568348
2026-08-30,Yageo monthly revenue [ATTRIBUTED] 2026-08,16.332,NT$ bn,https://news.cnyes.com/news/id/6600434
2026-08-30,Yageo revenue MoM 2026-08 [ATTRIBUTED],1.2,%,https://news.cnyes.com/news/id/6600434
2026-08-30,Yageo revenue YoY 2026-08 [ATTRIBUTED],51.8,%,https://news.cnyes.com/news/id/6600434
2026-08-31,Yageo YTD Jan-Aug revenue [ATTRIBUTED],115.085,NT$ bn,https://tw.stock.yahoo.com/news/%E5%9C%8B%E5%B7%A8-%E8%87%AA%E7%B5%90%E5%89%8D8%E6%9C%88%E5%90%88%E4%BD%B5%E7%87%9F%E6%94%B61150-85%E5%84%84%E5%85%83-%E5%B9%B4%E5%A2%9E34-9-074400388.html
2026-06-30,Yageo 2Q26 revenue [ATTRIBUTED],44.5,NT$ bn,https://finance.biggo.com/news/TW_2327.TW_2026-07-29
2026-03-31,Yageo 1Q26 revenue [ATTRIBUTED],38.2,NT$ bn,https://finance.biggo.com/news/TW_2327.TW_2026-04-15
2026-06-30,Yageo book-to-bill end-June [ATTRIBUTED],2.2,ratio,https://finance.biggo.com/news/TW_2327.TW_2026-07-29
2026-06-30,Yageo utilization 2Q commodity/specialty [ATTRIBUTED],~80 / ~85,%,https://finance.biggo.com/news/TW_2327.TW_2026-07-29
2026-09-30,Yageo utilization 3Q guide both >90 [ATTRIBUTED],>90,%,https://finance.biggo.com/news/TW_2327.TW_2026-07-29
2026-07-01,"Yageo list-price increase, all capacitors, incl. direct customers [ATTRIBUTED]",50,%,https://passive-components.eu/yageo-announces-july-2026-capacitor-price-increase/
2026-06-30,Yageo channel inventory: China distrib ~2 mo; global distrib ~4 mo; high-service 5-6 mo [ATTRIBUTED],2 / 4 / 5-6,months,https://finance.biggo.com/news/TW_2327.TW_2026-07-29
2026-06-30,Walsin monthly revenue [ATTRIBUTED] 2026-06,3.961,NT$ bn,https://money.udn.com/money/story/5710/9615386
2026-06-30,Walsin revenue MoM 2026-06 [ATTRIBUTED],7.1,%,https://money.udn.com/money/story/5710/9615386
2026-06-30,Walsin revenue YoY 2026-06 [ATTRIBUTED],25.8,%,https://money.udn.com/money/story/5710/9615386
2026-07-30,Walsin monthly revenue [ATTRIBUTED] 2026-07,4.443,NT$ bn,https://finance.technews.tw/2026/08/10/industry-academia/
2026-07-30,Walsin revenue MoM 2026-07 [ATTRIBUTED],12.2,%,https://finance.technews.tw/2026/08/10/industry-academia/
2026-07-30,Walsin revenue YoY 2026-07 [ATTRIBUTED],42.0,%,https://finance.technews.tw/2026/08/10/industry-academia/
2026-08-30,Walsin monthly revenue [ATTRIBUTED] 2026-08,4.569,NT$ bn,https://news.cnyes.com/news/id/6601760
2026-08-30,Walsin revenue MoM 2026-08 [ATTRIBUTED],2.8,%,https://news.cnyes.com/news/id/6601760
2026-08-30,Walsin revenue YoY 2026-08 [ATTRIBUTED],45.5,%,https://news.cnyes.com/news/id/6601760
2026-08-31,Walsin YTD Jan-Aug revenue [ATTRIBUTED],29.941,NT$ bn,https://finance.technews.tw/2026/09/09/wtc-2492-202608-financial-report
2026-07-31,Walsin book-to-bill (past 2-3 months) [ATTRIBUTED],>1.8,ratio,https://finance.technews.tw/2026/08/10/industry-academia/
2026-06-12,Walsin utilization MLCC / resistors [ATTRIBUTED],80-85 / 85-90,%,https://finance.biggo.com/news/2TUNwZ4BHDAP3F-7ILW3
2026-06-30,Murata monthly MLCC shipments June 2026 [ATTRIBUTED],140,bn pcs,https://www.trendforce.com/presscenter/news/20260728-13155.html
2026-06-30,SEMCO monthly MLCC shipments June 2026 [ATTRIBUTED],98,bn pcs,https://www.trendforce.com/presscenter/news/20260728-13155.html
2026-06-30,Taiyo Yuden monthly MLCC shipments June 2026 [ATTRIBUTED],40,bn pcs,https://www.trendforce.com/presscenter/news/20260728-13155.html
2026-06-30,Mainstream MLCC channel inventory [ATTRIBUTED],<30,days,https://www.trendforce.com/presscenter/news/20260728-13155.html
2026-06-30,Agent/distributor MLCC price increase avg [ATTRIBUTED],20-25,%,https://www.trendforce.com/presscenter/news/20260728-13155.html
2026-06-30,MLCC spot vs prior level [ATTRIBUTED],2-3x,multiple,https://www.trendforce.com/presscenter/news/20260728-13155.html
2026-09-01,"High-capacitance MLCC lead time (SEMCO, DigiKey) [ATTRIBUTED]",40,weeks,https://www.trendforce.com/news/2026/08/18/news-mlcc-lead-times-diverge-as-high-end-products-stretch-to-5-10-months-on-ai-demand-tightness-may-extend-into-2027/
2026-08-18,Standard-case MLCC lead time [ATTRIBUTED],14-18,weeks,https://www.trendforce.com/news/2026/08/18/news-mlcc-lead-times-diverge-as-high-end-products-stretch-to-5-10-months-on-ai-demand-tightness-may-extend-into-2027/
2026-09-01,MLCC lead time range incl. standard commercial (vendor blog) [ATTRIBUTED],32-52,weeks,https://www.astutegroup.com/news/general/mlcc-shortages-deepen-as-ai-demand-extends-lead-times/
2026-04-30,JEITA Japanese passive-component shipments April 2026 [ATTRIBUTED],231.4,JPY bn,https://www.bitget.com/news/detail/12560605484739
2026-04-30,JEITA passive-component shipments YoY April 2026 [ATTRIBUTED],18,% YoY,https://www.bitget.com/news/detail/12560605484739
2026-07-31,Japan total exports YoY July 2026 [ATTRIBUTED],23.2,% YoY,https://www.cnbc.com/2026/08/20/japan-exports-imports-july-chip-ai.html
2018-06-12,Yageo book-to-bill (Chairman) [ATTRIBUTED],3,ratio,https://www.taipeitimes.com/News/biz/archives/2018/06/12/2003694718
2018-12-14,Distributor inventory 6-7 months vs 2-3 normal [ATTRIBUTED],6-7,months,https://www.taipeitimes.com/News/biz/archives/2018/12/17/2003706238
2019-01-01,Yageo 1Q19 MLCC ASP decline (forecast) [ATTRIBUTED],-15,% QoQ,https://www.taipeitimes.com/News/biz/archives/2018/12/17/2003706238
2019-04-01,Yageo 2Q19 MLCC ASP decline (forecast) [ATTRIBUTED],-10,% QoQ,https://www.taipeitimes.com/News/biz/archives/2018/12/17/2003706238
2026-06-30,Yageo 2327.TW 2026 closing high [FACT],1140,local ccy,"local: targets/MLCC/data/raw/pxd_<ticker>.json (Yahoo daily, fetched 2026-10-02)"
2026-07-30,Yageo 2327.TW post-peak closing low [FACT],456.5,local ccy,"local: targets/MLCC/data/raw/pxd_<ticker>.json (Yahoo daily, fetched 2026-10-02)"
2026-10-02,Yageo 2327.TW last close [FACT],626,local ccy,"local: targets/MLCC/data/raw/pxd_<ticker>.json (Yahoo daily, fetched 2026-10-02)"
2026-10-02,Yageo 2327.TW last vs 2026 high [ESTIMATE],-45.1,%,"local: targets/MLCC/data/raw/pxd_<ticker>.json (Yahoo daily, fetched 2026-10-02)"
2026-06-22,Murata 6981.T 2026 closing high [FACT],12250,local ccy,"local: targets/MLCC/data/raw/pxd_<ticker>.json (Yahoo daily, fetched 2026-10-02)"
2026-07-29,Murata 6981.T post-peak closing low [FACT],6231,local ccy,"local: targets/MLCC/data/raw/pxd_<ticker>.json (Yahoo daily, fetched 2026-10-02)"
2026-10-02,Murata 6981.T last close [FACT],8467,local ccy,"local: targets/MLCC/data/raw/pxd_<ticker>.json (Yahoo daily, fetched 2026-10-02)"
2026-10-02,Murata 6981.T last vs 2026 high [ESTIMATE],-30.9,%,"local: targets/MLCC/data/raw/pxd_<ticker>.json (Yahoo daily, fetched 2026-10-02)"
2026-06-19,SEMCO 009150.KS 2026 closing high [FACT],2270000,local ccy,"local: targets/MLCC/data/raw/pxd_<ticker>.json (Yahoo daily, fetched 2026-10-02)"
2026-07-30,SEMCO 009150.KS post-peak closing low [FACT],879000,local ccy,"local: targets/MLCC/data/raw/pxd_<ticker>.json (Yahoo daily, fetched 2026-10-02)"
2026-10-02,SEMCO 009150.KS last close [FACT],1581000,local ccy,"local: targets/MLCC/data/raw/pxd_<ticker>.json (Yahoo daily, fetched 2026-10-02)"
2026-10-02,SEMCO 009150.KS last vs 2026 high [ESTIMATE],-30.4,%,"local: targets/MLCC/data/raw/pxd_<ticker>.json (Yahoo daily, fetched 2026-10-02)"
2026-07-01,Taiyo Yuden 6976.T 2026 closing high [FACT],22655,local ccy,"local: targets/MLCC/data/raw/pxd_<ticker>.json (Yahoo daily, fetched 2026-10-02)"
2026-09-14,Taiyo Yuden 6976.T post-peak closing low [FACT],8714,local ccy,"local: targets/MLCC/data/raw/pxd_<ticker>.json (Yahoo daily, fetched 2026-10-02)"
2026-10-02,Taiyo Yuden 6976.T last close [FACT],10095,local ccy,"local: targets/MLCC/data/raw/pxd_<ticker>.json (Yahoo daily, fetched 2026-10-02)"
2026-10-02,Taiyo Yuden 6976.T last vs 2026 high [ESTIMATE],-55.4,%,"local: targets/MLCC/data/raw/pxd_<ticker>.json (Yahoo daily, fetched 2026-10-02)"
