ticker,metric,value,FY1,FY2,unit,currency,source,date,note
6981.T,price,8467,,,local,JPY,stockanalysis.com,2026-10-02,
6981.T,market_cap,15410000,,,mn,JPY,stockanalysis.com,2026-10-02,
6981.T,shares_outstanding,1820,,,mn,JPY,stockanalysis.com,2026-10-02,
6981.T,net_cash,502100,,,mn,JPY,stockanalysis.com,2026-10-02,
6981.T,fwd_pe,37.83,,,x,JPY,stockanalysis.com,2026-10-02,
6981.T,ev_ebitda,27.06,,,x,JPY,stockanalysis.com,2026-10-02,
6981.T,pb,5.59,,,x,JPY,stockanalysis.com,2026-10-02,
6981.T,dividend_yield,0.83,,,%,JPY,stockanalysis.com,2026-10-02,
6981.T,target_price,10414,,,local,JPY,stockanalysis.com,2026-10-02,
6981.T,rating_strong_buy,12,,,count,JPY,stockanalysis.com,2026-10-02,
6981.T,rating_buy,5,,,count,JPY,stockanalysis.com,2026-10-02,
6981.T,rating_hold,1,,,count,JPY,stockanalysis.com,2026-10-02,
6981.T,rating_sell,0,,,count,JPY,stockanalysis.com,2026-10-02,
6981.T,rating_strong_sell,0,,,count,JPY,stockanalysis.com,2026-10-02,
009150.KS,price,1581000,,,local,KRW,stockanalysis.com,2026-10-02,
009150.KS,market_cap,116430000,,,mn,KRW,stockanalysis.com,2026-10-02,
009150.KS,shares_outstanding,75.55,,,mn,KRW,stockanalysis.com,2026-10-02,
009150.KS,net_cash,240560,,,mn,KRW,stockanalysis.com,2026-10-02,
009150.KS,fwd_pe,47.61,,,x,KRW,stockanalysis.com,2026-10-02,
009150.KS,ev_ebitda,54.47,,,x,KRW,stockanalysis.com,2026-10-02,
009150.KS,pb,11.06,,,x,KRW,stockanalysis.com,2026-10-02,
009150.KS,dividend_yield,0.15,,,%,KRW,stockanalysis.com,2026-10-02,
009150.KS,target_price,2408519,,,local,KRW,stockanalysis.com,2026-10-02,
009150.KS,rating_strong_buy,16,,,count,KRW,stockanalysis.com,2026-10-02,
009150.KS,rating_buy,10,,,count,KRW,stockanalysis.com,2026-10-02,
009150.KS,rating_hold,0,,,count,KRW,stockanalysis.com,2026-10-02,
009150.KS,rating_sell,1,,,count,KRW,stockanalysis.com,2026-10-02,
009150.KS,rating_strong_sell,0,,,count,KRW,stockanalysis.com,2026-10-02,
6976.T,price,10095,,,local,JPY,stockanalysis.com,2026-10-02,
6976.T,market_cap,1310000,,,mn,JPY,stockanalysis.com,2026-10-02,
6976.T,shares_outstanding,130.25,,,mn,JPY,stockanalysis.com,2026-10-02,
6976.T,net_cash,-49770,,,mn,JPY,stockanalysis.com,2026-10-02,
6976.T,fwd_pe,36.35,,,x,JPY,stockanalysis.com,2026-10-02,
6976.T,ev_ebitda,19.22,,,x,JPY,stockanalysis.com,2026-10-02,
6976.T,pb,3.57,,,x,JPY,stockanalysis.com,2026-10-02,
6976.T,dividend_yield,0.89,,,%,JPY,stockanalysis.com,2026-10-02,
6976.T,target_price,14356,,,local,JPY,stockanalysis.com,2026-10-02,
6976.T,rating_strong_buy,6,,,count,JPY,stockanalysis.com,2026-10-02,
6976.T,rating_buy,2,,,count,JPY,stockanalysis.com,2026-10-02,
6976.T,rating_hold,6,,,count,JPY,stockanalysis.com,2026-10-02,
6976.T,rating_sell,1,,,count,JPY,stockanalysis.com,2026-10-02,
6976.T,rating_strong_sell,1,,,count,JPY,stockanalysis.com,2026-10-02,
6762.T,price,3198,,,local,JPY,stockanalysis.com,2026-10-02,
6762.T,market_cap,6070000,,,mn,JPY,stockanalysis.com,2026-10-02,
6762.T,shares_outstanding,1900,,,mn,JPY,stockanalysis.com,2026-10-02,
6762.T,net_cash,105800,,,mn,JPY,stockanalysis.com,2026-10-02,
6762.T,fwd_pe,22.76,,,x,JPY,stockanalysis.com,2026-10-02,
6762.T,ev_ebitda,11.59,,,x,JPY,stockanalysis.com,2026-10-02,
6762.T,pb,2.62,,,x,JPY,stockanalysis.com,2026-10-02,
6762.T,dividend_yield,1.25,,,%,JPY,stockanalysis.com,2026-10-02,
6762.T,target_price,4158,,,local,JPY,stockanalysis.com,2026-10-02,
6762.T,rating_strong_buy,9,,,count,JPY,stockanalysis.com,2026-10-02,
6762.T,rating_buy,5,,,count,JPY,stockanalysis.com,2026-10-02,
6762.T,rating_hold,2,,,count,JPY,stockanalysis.com,2026-10-02,
6762.T,rating_sell,1,,,count,JPY,stockanalysis.com,2026-10-02,
6762.T,rating_strong_sell,1,,,count,JPY,stockanalysis.com,2026-10-02,
2327.TW,price,626,,,local,TWD,stockanalysis.com,2026-10-02,
2327.TW,market_cap,1290000,,,mn,TWD,stockanalysis.com,2026-10-02,
2327.TW,shares_outstanding,2050,,,mn,TWD,stockanalysis.com,2026-10-02,
2327.TW,net_cash,-46860,,,mn,TWD,stockanalysis.com,2026-10-02,
2327.TW,fwd_pe,24.43,,,x,TWD,stockanalysis.com,2026-10-02,
2327.TW,ev_ebitda,27.52,,,x,TWD,stockanalysis.com,2026-10-02,
2327.TW,pb,7.19,,,x,TWD,stockanalysis.com,2026-10-02,
2327.TW,dividend_yield,0.96,,,%,TWD,stockanalysis.com,2026-10-02,
2327.TW,target_price,1009,,,local,TWD,stockanalysis.com,2026-10-02,
2327.TW,rating_strong_buy,8,,,count,TWD,stockanalysis.com,2026-10-02,
2327.TW,rating_buy,7,,,count,TWD,stockanalysis.com,2026-10-02,
2327.TW,rating_hold,0,,,count,TWD,stockanalysis.com,2026-10-02,
2327.TW,rating_sell,0,,,count,TWD,stockanalysis.com,2026-10-02,
2327.TW,rating_strong_sell,0,,,count,TWD,stockanalysis.com,2026-10-02,
6971.T,price,3668,,,local,JPY,stockanalysis.com,2026-10-02,
6971.T,market_cap,4840000,,,mn,JPY,stockanalysis.com,2026-10-02,
6971.T,shares_outstanding,1300,,,mn,JPY,stockanalysis.com,2026-10-02,
6971.T,net_cash,96950,,,mn,JPY,stockanalysis.com,2026-10-02,
6971.T,fwd_pe,28.89,,,x,JPY,stockanalysis.com,2026-10-02,
6971.T,ev_ebitda,16.65,,,x,JPY,stockanalysis.com,2026-10-02,
6971.T,pb,1.44,,,x,JPY,stockanalysis.com,2026-10-02,
6971.T,dividend_yield,1.53,,,%,JPY,stockanalysis.com,2026-10-02,
6971.T,target_price,3585,,,local,JPY,stockanalysis.com,2026-10-02,
6971.T,rating_strong_buy,4,,,count,JPY,stockanalysis.com,2026-10-02,
6971.T,rating_buy,2,,,count,JPY,stockanalysis.com,2026-10-02,
6971.T,rating_hold,8,,,count,JPY,stockanalysis.com,2026-10-02,
6971.T,rating_sell,1,,,count,JPY,stockanalysis.com,2026-10-02,
6971.T,rating_strong_sell,0,,,count,JPY,stockanalysis.com,2026-10-02,
2492.TW,price,361.5,,,local,TWD,stockanalysis.com,2026-10-02,
2492.TW,market_cap,175400,,,mn,TWD,stockanalysis.com,2026-10-02,
2492.TW,shares_outstanding,485.21,,,mn,TWD,stockanalysis.com,2026-10-02,
2492.TW,net_cash,-12810,,,mn,TWD,stockanalysis.com,2026-10-02,
2492.TW,fwd_pe,21.73,,,x,TWD,stockanalysis.com,2026-10-02,
2492.TW,ev_ebitda,27.32,,,x,TWD,stockanalysis.com,2026-10-02,
2492.TW,pb,2.23,,,x,TWD,stockanalysis.com,2026-10-02,
2492.TW,dividend_yield,0.69,,,%,TWD,stockanalysis.com,2026-10-02,
6981.T,revenue,,2150000,,mn,JPY,stockanalysis.com,2026-10-02,FY1=FYE Mar-2027 (FY2026 label); FY2 gated
6976.T,revenue,,413730,,mn,JPY,stockanalysis.com,2026-10-02,FY1=FYE Mar-2027
6762.T,revenue,,2940000,,mn,JPY,stockanalysis.com,2026-10-02,FY1=FYE Mar-2027
6762.T,op_income,,344780,,mn,JPY,stockanalysis.com,2026-10-02,FY1=FYE Mar-2027
6762.T,net_income,,261450,,mn,JPY,stockanalysis.com,2026-10-02,FY1=FYE Mar-2027
6971.T,revenue,,2110000,,mn,JPY,stockanalysis.com,2026-10-02,FY1=FYE Mar-2027
6971.T,op_income,,157120,,mn,JPY,stockanalysis.com,2026-10-02,FY1=FYE Mar-2027
6971.T,net_income,,160780,,mn,JPY,stockanalysis.com,2026-10-02,FY1=FYE Mar-2027
009150.KS,revenue,,14440000,,mn,KRW,stockanalysis.com,2026-10-02,FY1=FYE Dec-2026
009150.KS,eps,,20816.62,,KRW/share,KRW,stockanalysis.com,2026-10-02,FY1=FYE Dec-2026
2327.TW,revenue,,184270,,mn,TWD,stockanalysis.com,2026-10-02,FY1=FYE Dec-2026
2327.TW,eps,,20.06,,TWD/share,TWD,stockanalysis.com,2026-10-02,FY1=FYE Dec-2026
