peak,runup_24m,trough,depth,months_to_trough,buy_at_minus35,m35_fwd6,m35_fwd12,m35_fwd24,buy_peak_plus4,dd_at_plus4,p4_fwd6,p4_fwd12,p4_fwd24
2000-03,0.13,2003-03,-0.64,36,2001-08,0.811,0.065,0.19,2000-07,-0.11,-0.063,-0.243,-0.373
2004-03,0.86,2005-03,-0.42,12,2004-09,-0.063,0.048,0.629,2004-07,-0.26,-0.089,-0.132,0.256
2007-06,1.17,2008-10,-0.66,16,2007-12,-0.096,-0.422,0.504,2007-10,-0.22,-0.171,-0.566,-0.089
2010-03,2.31,2011-11,-0.46,20,2011-07,0.155,-0.024,0.279,2010-07,-0.24,0.288,-0.213,-0.232
2015-10,0.87,2016-05,-0.16,7,,,,,2016-02,-0.1,0.029,0.358,1.707
2018-05,4.65,2019-04,-0.46,11,2018-09,0.126,0.232,0.489,2018-09,-0.41,0.126,0.232,0.489
2020-12,1.42,2022-08,-0.45,20,2022-05,-0.023,0.126,0.4,2021-04,-0.12,0.0,-0.131,-0.159
2024-06,0.67,2025-03,-0.34,9,,,,,2024-10,-0.31,-0.004,0.679,4.589
2026-05,8.13,2026-06,-0.5,1,2026-06,,,,2026-09,-0.37,,,
