,300408.SZ,6976.T,6981.T,2492.TW,ITWII,IKS11,009150.KS,6762.T,IN225,000636.SZ,2327.TW,SOXX,6971.T
1984-12-01,,,,,,,,,12580.759765625,,,,
1985-03-01,,,,,,,,,12882.08984375,,,,
1985-06-01,,,,,,,,,12700.1103515625,,,,
1985-09-01,,,,,,,,,13083.1796875,,,,
1985-12-01,,,,,,,,,15859.75,,,,
1986-03-01,,,,,,,,,17654.189453125,,,,
1986-06-01,,,,,,,,,17852.859375,,,,
1986-09-01,,,,,,,,,18701.0,,,,
1986-12-01,,,,,,,,,21566.66015625,,,,
1987-03-01,,,,,,,,,24176.400390625,,,,
1987-06-01,,,,,,,,,26010.880859375,,,,
1987-09-01,,,,,,,,,21564.0,,,,
1987-12-01,,,,,,,,,26260.259765625,,,,
1988-03-01,,,,,,,,,27769.400390625,,,,
1988-06-01,,,,,,,,,27923.669921875,,,,
1988-09-01,,,,,,,,,30159.0,,,,
1988-12-01,,,,,,,,,32838.6796875,,,,
1989-03-01,,,,,,,,,32948.69140625,,,,
1989-06-01,,,,,,,,,35636.76171875,,,,
1989-09-01,,,,,,,,,38915.87109375,,,,
1989-12-01,,,,,,,,,29980.44921875,,,,
1990-03-01,,,,,,,,,31940.240234375,,,,
1990-06-01,,,,,,,,,20983.5,,,,
1990-09-01,,,,,,,,,23848.7109375,,,,
1990-12-01,,,,,,,,,26292.0390625,,,,
1991-03-01,,,,,,,,,23290.9609375,,,,
1991-06-01,,,,,,,,,23916.439453125,,,,
1991-09-01,,,,,,,,,22983.76953125,,,,
1991-12-01,,,,,,,,,19345.94921875,,,,
1992-03-01,,,,,,,,,15951.73046875,,,,
1992-06-01,,,,,,,,,17399.080078125,,,,
1992-09-01,,,,,,,,,16924.94921875,,,,
1992-12-01,,,,,,,,,18591.44921875,,,,
1993-03-01,,,,,,,,,19590.0,,,,
1993-06-01,,,,,,,,,20105.7109375,,,,
1993-09-01,,,,,,,,,17417.240234375,,,,
1993-12-01,,,,,,,,,19111.919921875,,,,
1994-03-01,,,,,,,,,20643.9296875,,,,
1994-06-01,,,,,,,,,19563.810546875,,,,
1994-09-01,,,,,,,,,19723.060546875,,,,
1994-12-01,,,,,,,,,16139.9501953125,,,,
1995-03-01,,,,,,,,,14517.400390625,,,,
1995-06-01,,,,,,,,,17913.060546875,,,,
1995-09-01,,,,,,,,,19868.150390625,,,,
1995-12-01,,,,,,,,,21406.849609375,,,,
1996-03-01,,,,,,,,,22530.75,,,,
1996-06-01,,,,,,,,,21556.400390625,,,,
1996-09-01,,,,,,,,,19361.349609375,,,,
1996-11-01,,,,,,,,,,1.0572024583816528,,,
1996-12-01,,,,,,685.8400268554688,,,18003.400390625,1.1611891984939575,,,
1997-01-01,,,,,,676.530029296875,,,,1.2565107345581055,,,
1997-02-01,,,,,,677.3400268554688,,,,1.5644280910491943,,,
1997-03-01,,,,,,703.22998046875,,,20604.9609375,2.8521361351013184,,,
1997-04-01,,,,,,746.3599853515625,,,,2.486448049545288,,,
1997-05-01,,,,,,745.4000244140625,,,,2.8145856857299805,,,
1997-06-01,,,,,,726.1199951171875,,,17887.7109375,2.7464165687561035,,,
1997-07-01,,,,,9827.4453125,695.3699951171875,,,,2.6447391510009766,,,
1997-08-01,,,,,8708.7900390625,647.1099853515625,,,,2.3027379512786865,,,
1997-09-01,,,,,7313.3662109375,470.7900085449219,,,15258.740234375,3.029491424560547,,,
1997-10-01,,,,,7797.154296875,407.8599853515625,,,,3.1427223682403564,,,
1997-11-01,,,,,8187.232421875,376.30999755859375,,,,3.565603494644165,,,
1997-12-01,,,,,8085.4326171875,567.3800048828125,,,16527.169921875,3.566758632659912,,,
1998-01-01,,,,,9202.517578125,558.97998046875,,,,3.2594192028045654,,,
1998-02-01,,,,,9091.1181640625,481.0400085449219,,,,3.1866278648376465,,,
1998-03-01,,,,,8304.169921875,421.2200012207031,,,15830.26953125,3.545961618423462,,,
1998-04-01,,,,,7903.302734375,336.6300048828125,,,,3.4142444133758545,,,
1998-05-01,,,,,7548.77490234375,297.8800048828125,,,,3.5216972827911377,,,
1998-06-01,,,,,7653.474609375,343.3299865722656,,,13406.3896484375,3.7192723751068115,,,
1998-07-01,,,,,6550.07958984375,310.1600036621094,,,,3.3946025371551514,,,
1998-08-01,,,,,6833.91845703125,310.32000732421875,,,,3.7393789291381836,,,
1998-09-01,,,,,7165.947265625,384.75,,,13842.169921875,3.8974387645721436,,,
1998-10-01,,,,,7177.18701171875,451.8800048828125,,,,4.234356880187988,,,
1998-11-01,,,,,6418.400390625,562.4600219726562,,,,3.847524642944336,,,
1998-12-01,,,,,5998.2919921875,571.4299926757812,,,15836.58984375,3.876641035079956,,,
1999-01-01,,,,,6318.49072265625,520.0599975585938,,,,3.751856565475464,,,
1999-02-01,,,,,6881.6884765625,618.97998046875,,,,3.6187527179718018,,,
1999-03-01,,,,,7371.13623046875,752.5900268554688,,,17529.740234375,3.5314037799835205,,,
1999-04-01,,,,,7316.5361328125,736.02001953125,,,,4.612869739532471,,,
1999-05-01,,,,,8467.330078125,883.0,,,,8.660050392150879,,,
1999-06-01,,,,,7326.71630859375,969.719970703125,,,17605.4609375,8.828509330749512,,,
1999-07-01,,,,,8157.6923828125,937.8800048828125,,,,7.871827602386475,,,
1999-08-01,,,,,7598.7548828125,836.1799926757812,,,,7.827113628387451,,,
1999-09-01,,,,,7854.8134765625,833.510009765625,,,18934.33984375,6.607342720031738,,,
1999-10-01,,,,,7720.8349609375,996.6599731445312,,,,5.805602550506592,,,
1999-11-01,,,,,8448.7998046875,1028.0699462890625,,,,7.065926551818848,,,
1999-12-01,,,,,9744.8447265625,943.8800048828125,,,20337.3203125,10.066995620727539,,,
2000-01-01,,4336.31787109375,,50.069820404052734,9435.8984375,828.3800048828125,51590.7421875,464.23687744140625,,9.982766151428223,8.290821075439453,,1485.679443359375
2000-02-01,,4921.94921875,,57.079586029052734,9854.9052734375,860.9400024414062,58058.39453125,618.9609985351562,,9.218460083007812,7.987625598907471,,1371.8843994140625
2000-03-01,,5679.173828125,,52.32293701171875,8824.3203125,725.3900146484375,56779.890625,640.6553955078125,17411.05078125,10.951919555664062,8.876299858093262,,1444.6353759765625
2000-04-01,,6072.634765625,,45.31317901611328,8939.478515625,731.8800048828125,53395.6640625,587.0831909179688,,10.669330596923828,9.62906265258789,,1429.44580078125
2000-05-01,,4929.375,,42.308963775634766,8265.0498046875,821.219970703125,52568.4140625,674.7470092773438,,12.154496192932129,8.468555450439453,,1438.2398681640625
2000-06-01,,3637.641845703125,,55.001651763916016,8114.88232421875,705.969970703125,37602.58203125,606.56396484375,15747.259765625,12.707114219665527,9.642653465270996,,1257.5604248046875
2000-07-01,,4565.6103515625,,55.001651763916016,7616.94482421875,688.6199951171875,35421.62890625,697.7698364257812,,12.091696739196777,8.770965576171875,,1522.1834716796875
2000-08-01,,4116.5029296875,,55.001651763916016,6432.330078125,613.219970703125,28352.34375,607.7793579101562,,11.708629608154297,5.8733601570129395,,1321.436279296875
2000-09-01,,3098.524169921875,,55.001651763916016,5544.1552734375,514.47998046875,27374.68359375,487.9983825683594,13785.6904296875,11.341265678405762,5.8493146896362305,,1137.236328125
2000-10-01,,3254.564697265625,,55.001651763916016,5256.90625,509.2300109863281,23388.80859375,533.6923828125,,12.499881744384766,7.424361228942871,,1161.26220703125
2000-11-01,,2838.45556640625,,55.001651763916016,4743.91845703125,504.6199951171875,25795.37109375,493.32171630859375,,12.645886421203613,6.155908107757568,,998.6858520507812
2000-12-01,,2897.899658203125,,55.001651763916016,5936.1728515625,617.9099731445312,37658.90234375,457.83099365234375,12999.7001953125,11.57204532623291,9.690744400024414,,1013.9021606445312
2001-01-01,,2318.319091796875,729.2095947265625,55.001651763916016,5674.66455078125,578.0999755859375,34185.69140625,360.2312927246094,,10.615948677062988,10.754802703857422,,848.1221313476562
2001-02-01,,2343.822509765625,787.8714599609375,55.001651763916016,5797.89404296875,523.219970703125,31102.73828125,367.2519836425781,,10.955058097839355,11.909037590026855,,914.3683471679688
2001-03-01,,2567.042724609375,781.8631591796875,55.001651763916016,5381.6455078125,577.3599853515625,32507.638671875,319.6205749511719,12969.0498046875,9.947155952453613,10.279884338378906,,948.085693359375
2001-04-01,,2715.857421875,715.768798828125,55.001651763916016,5048.83642578125,612.1599731445312,39883.30859375,304.0402526855469,,9.483400344848633,8.915244102478027,,890.2850952148438
2001-05-01,,2470.314208984375,615.8766479492188,55.001651763916016,4883.40771484375,595.1300048828125,36449.1328125,258.6344909667969,,8.136083602905273,9.042091369628906,,883.060302734375
2001-06-01,,1979.227294921875,594.0956420898438,55.001651763916016,4352.9599609375,541.5499877929688,29658.822265625,268.8730163574219,9774.6796875,6.3712897300720215,8.24494743347168,,751.4037475585938
2001-07-01,,1495.5819091796875,540.7699584960938,58.64727783203125,4509.41943359375,545.1099853515625,28292.94921875,275.9955139160156,,5.996507167816162,7.752596855163574,,644.6336669921875
2001-08-01,,1172.067138671875,521.3855590820312,12.505412101745605,3636.923095703125,479.67999267578125,17951.396484375,231.4957733154297,,4.535333156585693,5.548733234405518,18.829946517944336,619.015869140625
2001-09-01,,1235.4825439453125,582.4146118164062,12.56225299835205,3903.47216796875,537.8099975585938,22634.3671875,243.5854949951172,10542.6201171875,5.061923980712891,6.158312797546387,13.115864753723145,671.4066772460938
2001-10-01,,1447.364990234375,620.0872192382812,18.70127296447754,4441.099609375,643.8900146484375,29736.876953125,279.8546447753906,,4.924346923828125,6.283354759216309,15.925029754638672,743.141357421875
2001-11-01,,1480.9375,594.4700317382812,25.010820388793945,5551.21533203125,693.7000122070312,34629.6640625,276.72021484375,,4.397756099700928,7.908898830413818,18.55641746520996,689.1387939453125
2001-12-01,,1322.77197265625,532.6871337890625,21.998151779174805,5872.11328125,748.0700073242188,39452.5234375,264.1828918457031,11024.9404296875,4.089391231536865,7.479068279266357,18.189884185791016,623.8519897460938
2002-01-01,,1462.2860107421875,629.128662109375,18.132843017578125,5696.08447265625,819.989990234375,46489.14453125,272.24261474609375,,4.378778457641602,8.369990348815918,18.966712951660156,646.4201049804688
2002-02-01,,1574.152099609375,643.7743530273438,20.97498321533203,6167.44140625,895.5800170898438,61273.953125,308.4977722167969,,4.938580513000488,9.44066047668457,16.876930236816406,712.3955688476562
2002-03-01,,1749.8890380859375,614.305908203125,23.24869155883789,6065.7021484375,842.3400268554688,60246.140625,314.3352966308594,10621.83984375,5.308616638183594,8.831083297729492,19.48369026184082,706.7351684570312
2002-04-01,,1712.4979248046875,644.5298461914062,20.520240783691406,5675.62451171875,796.4000244140625,56530.15234375,316.5805358886719,,5.3038740158081055,6.158312797546387,17.6428165435791,809.4298706054688
2002-05-01,,1465.7183837890625,569.725341796875,13.869641304016113,5153.68603515625,742.719970703125,46093.83203125,254.16265869140625,,6.053436279296875,4.5327677726745605,16.357215881347656,707.5438232421875
2002-06-01,,1305.686279296875,479.052734375,13.983325004577637,4940.357421875,717.989990234375,40717.52734375,242.48721313476562,9383.2900390625,5.3933939933776855,4.3530192375183105,13.104920387268066,653.3660278320312
2002-07-01,,1332.607421875,514.5662231445312,12.846465110778809,4764.91845703125,736.4000244140625,45461.31640625,243.3853302001953,,4.960208415985107,4.329887390136719,11.32422924041748,665.49560546875
2002-08-01,,1394.79443359375,471.8371276855469,10.004327774047852,4191.7900390625,646.4199829101562,34787.79296875,213.4682159423828,,4.650790691375732,3.249525547027588,10.394224166870117,661.4884643554688
2002-09-01,,1093.338623046875,433.9083251953125,12.505412101745605,4579.119140625,658.9199829101562,36645.78125,217.07862854003906,8578.9501953125,4.436577320098877,3.6799821853637695,8.077404022216797,586.0057983398438
2002-10-01,,1146.5806884765625,435.4255065917969,10.800127983093262,4646.6689453125,724.7999877929688,43010.37109375,244.15708923339844,,4.103358745574951,3.823467969894409,9.983922958374023,661.4884643554688
2002-11-01,,943.3609619140625,361.08453369140625,10.118010520935059,4452.4296875,627.5499877929688,34938.390625,215.7247772216797,,3.93674898147583,3.2157649993896484,12.363651275634766,560.8450317382812
2002-12-01,,890.86865234375,349.7057800292969,10.800127983093262,5015.13671875,591.8599853515625,30561.0546875,222.4943084716797,7972.7099609375,4.479419708251953,3.6462206840515137,9.486090660095215,539.742431640625
2003-01-01,,819.6290283203125,342.12005615234375,10.913809776306152,4432.43994140625,575.4299926757812,31163.44140625,227.0074920654297,,4.24140739440918,3.3930115699768066,9.026557922363281,504.0299072265625
2003-02-01,,733.9691772460938,351.5522155761719,11.084343910217285,4321.2001953125,535.7000122070312,26504.98828125,205.56167602539062,,3.8177413940429688,3.1482415199279785,9.806129455566406,479.56622314453125
2003-03-01,,684.9876098632812,317.9984130859375,10.743280410766602,4148.0498046875,599.3499755859375,28794.05078125,187.86428833007812,9083.1103515625,3.4226393699645996,2.397052526473999,9.557212829589844,474.6726989746094
2003-04-01,,761.0972290039062,351.5522155761719,11.823298454284668,4555.87890625,633.4199829101562,28633.4140625,240.50270080566406,,3.9034273624420166,2.8612706661224365,10.777162551879883,524.423583984375
2003-05-01,,881.6674194335938,359.94073486328125,14.267538070678711,4872.12744140625,669.9299926757812,31524.865234375,269.0906982421875,,3.546405792236328,3.325488567352295,12.418357849121094,560.3096313476562
2003-06-01,,975.8623046875,417.8971252441406,14.324381828308105,5318.31591796875,713.52001953125,31765.818359375,300.4013366699219,10219.0498046875,3.424503803253174,4.026035785675049,11.926000595092773,557.0471801757812
2003-07-01,,1069.303955078125,499.4941101074219,15.735331535339355,5650.8046875,759.469970703125,34054.88671875,344.8716735839844,,3.3910701274871826,4.464932441711426,13.211599349975586,611.6918334960938
2003-08-01,,1063.1488037109375,446.438720703125,15.06960678100586,5611.384765625,697.52001953125,28352.306640625,302.0113830566406,,3.19047212600708,5.097957134246826,15.372503280639648,540.629150390625
2003-09-01,,1202.280517578125,491.61846923828125,16.945743560791016,6045.09228515625,782.3599853515625,32207.57421875,327.9761657714844,10676.6396484375,2.669870615005493,5.79006290435791,14.334114074707031,542.2672729492188
2003-10-01,,970.142333984375,478.6005859375,15.19064998626709,5771.744140625,796.1799926757812,29356.28515625,324.3319091796875,,2.8513646125793457,5.148599147796631,17.042280197143555,546.3629150390625
2003-11-01,,1059.3682861328125,441.8440856933594,15.977416038513184,5890.6630859375,810.7100219726562,31685.5,351.6633605957031,,2.6268856525421143,5.401809215545654,17.942249298095703,584.8623046875
2003-12-01,,1206.817626953125,468.6455993652344,16.522098541259766,6375.35009765625,848.5,35179.34375,346.19708251953125,11715.3896484375,3.825699806213379,6.22052001953125,17.16537094116211,654.48876953125
2004-01-01,,1307.385498046875,473.2402648925781,17.30886459350586,6750.5087890625,883.4199829101562,35259.66015625,347.10809326171875,,3.9976425170898438,6.397766590118408,17.78086280822754,657.765380859375
2004-02-01,,1317.9608154296875,516.6032104492188,15.795855522155762,6522.15966796875,880.5,37347.93359375,363.5812683105469,,4.226897716522217,6.397766590118408,17.624937057495117,718.4478149414062
2004-03-01,,1399.10107421875,556.5781860351562,18.035114288330078,6117.7822265625,862.8400268554688,35500.61328125,360.3799133300781,11858.8701171875,3.696744918823242,6.473729133605957,16.867197036743164,750.5067138671875
2004-04-01,,1173.121826171875,495.0779113769531,16.582616806030273,5977.8125,803.8400268554688,29557.072265625,358.550537109375,,4.193463325500488,6.0095109939575195,15.127405166625977,743.1083984375
2004-05-01,,1165.5380859375,479.7029113769531,14.702677726745605,5839.4130859375,785.7899780273438,26304.189453125,378.67327880859375,,3.376741647720337,6.1867594718933105,16.692121505737305,761.1928100585938
2004-06-01,,1016.1492919921875,428.1962890625,12.335290908813477,5420.544921875,735.3400268554688,22609.5546875,352.1478576660156,10823.5703125,3.20483660697937,5.0219950675964355,16.207937240600586,706.9393920898438
2004-07-01,,964.583740234375,415.1274108886719,14.07967472076416,5765.51416015625,803.5700073242188,24497.03125,331.5677490234375,,2.988293409347534,5.055756092071533,13.8663330078125,659.2620849609375
2004-08-01,,869.777099609375,405.5572814941406,12.335290908813477,5845.6630859375,835.0900268554688,23693.8515625,337.01934814453125,,3.1230311393737793,4.557775974273682,12.512248039245605,639.5335693359375
2004-09-01,,842.3583984375,389.3349609375,11.400799751281738,5705.90478515625,834.8400268554688,19276.357421875,337.937744140625,11488.759765625,2.949796438217163,3.9669532775878906,13.135950088500977,634.58251953125
2004-10-01,,800.4690551757812,417.91705322265625,10.964706420898438,5844.73291015625,878.0599975585938,21926.849609375,339.3151550292969,,3.0652859210968018,3.933192253112793,13.915578842163086,598.2733764648438
2004-11-01,,907.8585205078125,445.72674560546875,11.400799751281738,6139.662109375,895.9199829101562,21302.044921875,348.4982604980469,,2.8294947147369385,4.076677322387695,14.361465454101562,651.0863647460938
2004-12-01,,835.5038452148438,418.6895446777344,9.90561580657959,5994.2021484375,932.7000122070312,20892.39453125,330.59130859375,11668.9501953125,2.497462272644043,3.7221834659576416,14.717084884643555,615.6024780273438
2005-01-01,,927.66064453125,444.18182373046875,10.217116355895996,6207.80126953125,1011.3599853515625,23350.3203125,347.5799255371094,,2.6995689868927,4.2708048820495605,13.633820533752441,645.3099975585938
2005-02-01,,887.9505615234375,445.3765563964844,11.151609420776367,6005.85205078125,965.6799926757812,20564.669921875,338.8168640136719,,2.184678316116333,4.042916297912598,14.706140518188477,635.3648071289062
2005-03-01,,830.589599609375,400.373291015625,9.282622337341309,5818.04345703125,911.2999877929688,18721.224609375,338.8168640136719,11584.009765625,1.8526450395584106,3.4183311462402344,13.942925453186035,636.1956176757812
2005-04-01,,929.2506103515625,435.28936767578125,10.590909004211426,6011.5322265625,970.2100219726562,20073.083984375,365.5899353027344,,1.8285855054855347,4.25392484664917,13.138690948486328,691.8417358398438
2005-05-01,,940.7230224609375,438.3933410644531,11.774599075317383,6241.9111328125,1008.1599731445312,19745.359375,348.97216796875,,1.6409145593643188,4.397409915924072,14.635014533996582,704.300048828125
2005-06-01,,973.6097412109375,423.6507873535156,10.528609275817871,6311.95068359375,1111.2900390625,23145.4921875,356.3578796386719,13574.2998046875,1.615080714225769,4.144200801849365,14.421645164489746,658.6199951171875
2005-07-01,,997.3193969726562,446.1524353027344,9.321878433227539,6033.4423828125,1083.3299560546875,20318.876953125,378.51483154296875,,1.722752332687378,3.6631019115448,16.095787048339844,636.1956176757812
2005-08-01,,959.6460571289062,495.85211181640625,11.168143272399902,6118.58203125,1221.010009765625,24210.59375,375.2175598144531,,1.6101861000061035,4.026035785675049,16.125873565673828,660.28125
2005-09-01,,879.8035278320312,451.4123840332031,10.442039489746094,5764.27392578125,1158.1099853515625,21383.98046875,362.2309875488281,16111.4296875,1.4535729885101318,3.6462206840515137,16.218778610229492,626.0133056640625
2005-10-01,,1016.45703125,533.2748413085938,12.896955490112305,6203.44140625,1297.43994140625,28348.109375,465.1957092285156,,1.53187894821167,4.1864013671875,15.27181339263916,685.3551025390625
2005-11-01,,1247.5399169921875,586.29052734375,20.192554473876953,6548.3095703125,1379.3699951171875,31502.44921875,377.0727233886719,,1.5710333585739136,5.0051140785217285,16.927621841430664,718.787109375
2005-12-01,,1477.0870361328125,655.678466796875,21.46657943725586,6532.14990234375,1399.8299560546875,31379.556640625,393.7696228027344,17059.66015625,2.0604512691497803,4.304566383361816,16.686779022216797,873.4099731445312
2006-01-01,,1368.071533203125,567.5791625976562,18.906341552734375,6561.599609375,1371.5899658203125,33059.1328125,378.4641418457031,,2.0702402591705322,4.4480509757995605,18.181121826171875,869.2307739257812
2006-02-01,,1439.722900390625,620.8093872070312,22.509164810180664,6613.93994140625,1359.5999755859375,30232.517578125,413.73443603515625,,1.977250337600708,4.4480509757995605,17.77880096435547,875.2354736328125
2006-03-01,,1440.49267578125,655.2987060546875,24.065095901489258,7171.73681640625,1419.72998046875,29331.283203125,444.5194091796875,15505.1796875,3.0657174587249756,4.937590599060059,17.84174346923828,892.8743286132812
2006-04-01,,1136.380615234375,569.0750122070312,19.070463180541992,6846.91845703125,1317.699951171875,25562.4609375,423.9961242675781,,3.391669511795044,4.431171417236328,18.260494232177734,778.6403198242188
2006-05-01,,1118.6722412109375,581.6168823242188,16.873233795166016,6704.37890625,1295.1500244140625,26791.421875,405.8048400878906,,3.2507174015045166,4.000715255737305,16.530776977539062,744.2021484375
2006-06-01,,1168.716552734375,595.7262573242188,17.391874313354492,6454.55029296875,1297.8199462890625,27856.5234375,417.93231201171875,16127.580078125,3.048098087310791,3.9669532775878906,15.8704195022583,788.7198486328125
2006-07-01,,1227.9990234375,633.3508911132812,17.477346420288086,6611.73974609375,1352.739990234375,30273.478515625,423.9961242675781,,2.995241165161133,4.059796333312988,15.188497543334961,851.7164306640625
2006-08-01,,1369.87939453125,644.367431640625,19.076339721679688,6883.01806640625,1371.4100341796875,31953.072265625,443.6371765136719,,3.109764575958252,4.144200801849365,16.555078506469727,853.4468383789062
2006-09-01,,1391.50146484375,638.0657348632812,20.00598907470703,7021.2880859375,1364.550048828125,32772.38671875,429.0992126464844,17225.830078125,2.995241165161133,4.363648414611816,16.850818634033203,885.5247192382812
2006-10-01,,1504.242431640625,620.7354736328125,22.646183013916016,7567.68505859375,1432.2099609375,34370.0234375,415.4994201660156,,2.9335741996765137,5.038875579833984,16.686365127563477,882.1483154296875
2006-11-01,,1621.61572265625,633.3392944335938,22.980859756469727,7823.68408203125,1434.4599609375,35946.0234375,443.6371765136719,,3.1626224517822266,5.43557071685791,17.234535217285156,947.1491088867188
2006-12-01,,1779.9173583984375,671.9382934570312,21.158748626708984,7699.60498046875,1360.22998046875,28441.716796875,475.52618408203125,17287.650390625,4.1404805183410645,5.0051140785217285,16.724702835083008,936.1746826171875
2007-01-01,,1969.1048583984375,667.9994506835938,23.35271644592285,7901.9228515625,1417.3399658203125,29602.599609375,462.8643798828125,,6.2793097496032715,5.1823601722717285,16.669879913330078,910.0054321289062
2007-02-01,,1899.599609375,677.4114379882812,23.83612823486328,7884.373046875,1452.550048828125,26824.76953125,482.0972595214844,,6.633570671081543,4.8278656005859375,16.963193893432617,942.8966674804688
2007-03-01,,2046.614501953125,709.1031494140625,22.571815490722656,7875.38330078125,1542.239990234375,28939.2421875,489.17333984375,18138.359375,10.096491813659668,4.718142032623291,16.5474910736084,990.4227905273438
2007-04-01,,1953.7628173828125,676.619140625,23.018041610717773,8144.91259765625,1700.9100341796875,35531.40625,521.25,,10.167343139648438,5.292085647583008,17.55459976196289,1015.0347290039062
2007-05-01,,2209.10693359375,735.2489624023438,25.881351470947266,8883.1689453125,1743.5999755859375,41957.75,562.2894897460938,,7.421806812286377,5.629697799682617,17.702781677246094,1115.1805419921875
2007-06-01,,2000.189697265625,712.2722778320312,32.0721549987793,9287.2080078125,1933.27001953125,40962.6953125,488.2295837402344,16785.689453125,10.583601951599121,5.936361789703369,18.090099334716797,975.9953002929688
2007-07-01,,1795.1409912109375,643.3428955078125,26.412363052368164,8982.119140625,1873.239990234375,43035.7109375,464.6437072753906,,14.374214172363281,4.895215034484863,18.09834861755371,899.61328125
2007-08-01,,1764.164794921875,661.9133911132812,27.119836807250977,9411.908203125,1946.47998046875,49835.1875,478.29290771484375,,13.417704582214355,5.260527610778809,18.345664978027344,919.1807250976562
2007-09-01,,1467.1649169921875,553.4552612304688,25.74419593811035,9711.3251953125,2064.85009765625,48840.1484375,445.5527038574219,15307.7802734375,10.78730297088623,4.895215034484863,18.565664291381836,824.4462890625
2007-10-01,,1451.6551513671875,517.5685424804688,21.85308837890625,8586.3603515625,1906.0,40133.50390625,373.42919921875,,9.095698356628418,4.657759666442871,17.787052154541016,849.1964111328125
2007-11-01,,1398.149169921875,510.3910827636719,18.079893112182617,8506.240234375,1897.1300048828125,41464.453125,394.78155517578125,,11.132707595825195,4.411173343658447,16.27109146118164,845.7825317382812
2007-12-01,,968.5460815429688,421.87017822265625,14.856953620910645,7521.09521484375,1624.6800537109375,36773.5234375,321.708984375,12525.5400390625,10.18505573272705,3.443089246749878,16.3653507232666,722.8839721679688
2008-01-01,,895.6528930664062,458.55462646484375,17.60824203491211,8412.7197265625,1711.6199951171875,36982.953125,358.71978759765625,,12.000653266906738,3.7170748710632324,14.106547355651855,738.24609375
2008-02-01,,757.4906616210938,398.458740234375,17.529632568359375,8572.5498046875,1703.989990234375,45317.72265625,282.5355529785156,,12.354917526245117,4.310710430145264,13.825565338134766,719.1761474609375
2008-03-01,,935.9530639648438,437.09722900390625,18.119197845458984,8919.87890625,1825.469970703125,45652.7890625,341.5370178222656,13481.3798828125,7.067543983459473,4.064124584197998,13.652021408081055,821.4244384765625
2008-04-01,,1007.6488037109375,447.5616760253906,14.896257400512695,8619.0400390625,1852.02001953125,40207.96484375,346.81353759765625,,6.40221643447876,3.8358025550842285,14.70705509185791,872.1190795898438
2008-05-01,,854.904296875,400.8736267089844,12.105666160583496,7523.50537109375,1674.9200439453125,32501.439453125,305.08087158203125,,4.573011875152588,3.6348793506622314,15.954904556274414,859.2308349609375
2008-06-01,,856.4630126953125,363.0401916503906,12.066363334655762,7024.0283203125,1594.6700439453125,28396.873046875,311.79638671875,11259.8603515625,4.35990047454834,3.796844482421875,14.140342712402344,800.8027954101562
2008-07-01,,946.8632202148438,388.79925537109375,12.380793571472168,7046.078125,1474.239990234375,27307.90234375,306.9995422363281,,3.551854133605957,3.9455463886260986,12.977622985839844,793.0697631835938
2008-08-01,,795.3404541015625,347.5572204589844,9.222793579101562,5719.25439453125,1448.06005859375,31244.935546875,249.82159423828125,,3.0901129245758057,2.686539888381958,13.54931640625,681.909912109375
2008-09-01,,358.5294494628906,274.3015441894531,8.674903869628906,4870.6376953125,1113.06005859375,31035.521484375,156.98907470703125,8859.5595703125,2.4507791996002197,2.161128282546997,11.196277618408203,488.06756591796875
2008-10-01,,397.67022705078125,268.6038818359375,5.9445905685424805,4460.4697265625,1076.0699462890625,29067.0,156.98907470703125,,2.592853546142578,1.526668667793274,9.221601486206055,515.7592163085938
2008-11-01,,391.40765380859375,284.0688781738281,5.889801979064941,4591.19921875,1124.469970703125,28107.20703125,157.9611053466797,,2.4507791996002197,1.7348507642745972,7.4761505126953125,552.1048583984375
2008-12-01,,403.1498718261719,282.4410095214844,5.652384281158447,4247.9501953125,1162.1099853515625,29035.669921875,166.70977783203125,8109.52978515625,3.0279552936553955,1.6059759855270386,7.902851581573486,508.8363952636719
2009-01-01,,461.8610534667969,302.7897644042969,6.89426326751709,4557.12890625,1063.030029296875,34395.453125,158.93325805664062,,3.445297956466675,2.2800893783569336,7.696715831756592,506.2400817871094
2009-02-01,,586.2973022460938,311.5003356933594,8.592720031738281,5210.81591796875,1206.260009765625,41190.13671875,180.12478637695312,,4.43093729019165,2.5279252529144287,7.5713629722595215,565.7652587890625
2009-03-01,,590.237548828125,329.6299133300781,9.405421257019043,5992.5419921875,1369.3599853515625,43637.90625,219.60418701171875,9958.4404296875,4.830522060394287,3.1425580978393555,8.674474716186523,665.2980346679688
2009-04-01,,780.9420166015625,331.2780456542969,12.09920597076416,6890.408203125,1395.8900146484375,47773.8046875,210.2278289794922,,5.691845417022705,3.3110861778259277,9.752517700195312,651.3284301757812
2009-05-01,,838.4683837890625,341.16705322265625,9.58804988861084,6432.13037109375,1390.0699462890625,51487.671875,224.04566955566406,,5.682967185974121,2.7856740951538086,10.145289421081543,634.7396850585938
2009-06-01,,1020.504150390625,377.4262390136719,12.281835556030273,7077.677734375,1557.2900390625,58071.33984375,245.7593536376953,10133.23046875,6.597568511962891,3.405938148498535,10.24736499786377,665.2980346679688
2009-07-01,,874.7177734375,363.4171142578125,11.505660057067871,6825.9189453125,1591.8499755859375,75374.578125,266.9795227050781,,6.340059280395508,3.6316325664520264,11.832273483276367,676.64794921875
2009-08-01,,838.49462890625,351.43096923828125,12.69275188446045,7509.1357421875,1673.1400146484375,85672.125,257.4754333496094,,6.544290542602539,3.9188807010650635,12.14254093170166,732.494873046875
2009-09-01,,826.6175537109375,372.20111083984375,11.73394775390625,7340.04638671875,1580.68994140625,84321.609375,264.9168395996094,10546.4404296875,7.210263252258301,3.9804325103759766,12.519899368286133,681.492919921875
2009-10-01,,702.3082885742188,340.63037109375,12.190520286560059,7582.1748046875,1555.5999755859375,78497.6015625,223.7406463623047,,8.160383224487305,4.000949859619141,11.348691940307617,604.98974609375
2009-11-01,,945.3844604492188,382.17071533203125,18.445587158203125,8188.072265625,1682.77001953125,91402.0234375,280.2959289550781,,8.080467224121094,5.088388919830322,12.120179176330566,718.425537109375
2009-12-01,,1100.573486328125,416.2339172363281,14.610360145568848,7640.40478515625,1602.4300537109375,82899.5078125,290.7140197753906,11089.9404296875,7.414495468139648,4.842176914215088,13.825494766235352,721.0634155273438
2010-01-01,,973.096923828125,390.4787902832031,16.527973175048828,7436.06591796875,1594.5799560546875,85025.125,271.8623962402344,,7.680883884429932,4.780623435974121,12.070274353027344,695.5624389648438
2010-02-01,,1173.4686279296875,444.0306701660156,17.852041244506836,7920.02294921875,1692.8499755859375,97778.8984375,310.0812683105469,,8.204780578613281,5.385895729064941,13.033546447753906,806.41259765625
2010-03-01,,1168.701416015625,464.9359130859375,18.62821388244629,8004.21240234375,1741.56005859375,120310.546875,302.603515625,9382.6396484375,9.296977996826172,6.565663814544678,13.87885570526123,840.0499877929688
2010-04-01,,966.1054077148438,369.1893615722656,16.436660766601562,7373.94580078125,1641.25,117334.6796875,264.21722412109375,,8.773078918457031,6.145051002502441,14.159689903259277,701.9595336914062
2010-05-01,,961.3385620117188,355.8098449707031,15.614829063415527,7329.33642578125,1698.2900390625,131363.828125,245.0240936279297,,9.28809928894043,5.693660736083984,13.232933044433594,642.6514892578125
2010-06-01,,878.711181640625,357.9004211425781,16.893232345581055,7760.59423828125,1759.3299560546875,116059.3046875,259.7304992675781,9369.349609375,12.208294868469238,6.216863632202148,12.329873085021973,682.4852905273438
2010-07-01,,735.7021484375,334.4863586425781,14.83864974975586,7616.24462890625,1742.75,96928.6640625,219.35015869140625,,10.822005271911621,5.457707405090332,12.970208168029785,632.0292358398438
2010-08-01,,799.9000854492188,373.45257568359375,16.664945602416992,8237.740234375,1872.81005859375,105856.296875,233.960693359375,,10.133332252502441,5.847543239593506,11.613387107849121,703.5794677734375
2010-09-01,,825.4457397460938,384.44879150390625,16.3453426361084,8287.0498046875,1882.949951171875,105006.0390625,230.94512939453125,10228.919921875,12.512385368347168,5.6731438636779785,13.345381736755371,716.0638427734375
2010-10-01,,888.511474609375,435.6240539550781,16.482316970825195,8372.4404296875,1904.6300048828125,106281.421875,270.9018859863281,,11.84160041809082,5.755213737487793,14.267793655395508,761.5423583984375
2010-11-01,,989.8961791992188,482.99298095703125,18.0803279876709,8972.458984375,2051.0,106298.921875,283.969482421875,,11.135037422180176,6.398735523223877,14.964542388916016,739.2489624023438
2010-12-01,,992.291259765625,525.2864990234375,18.582555770874023,9145.3076171875,2069.72998046875,111442.4140625,270.9018859863281,9755.099609375,9.641419410705566,6.7986555099487305,15.712064743041992,761.5423583984375
2011-01-01,,1066.5333251953125,515.1361083984375,16.801921844482422,8599.6103515625,1939.300048828125,110585.15625,275.9278564453125,,10.616297721862793,6.55659818649292,16.781164169311523,756.1920166015625
2011-02-01,,894.541259765625,510.2919921875,16.573631286621094,8683.259765625,2106.699951171875,100726.7890625,249.18809509277344,,10.92933177947998,6.398735523223877,17.511754989624023,758.4112548828125
2011-03-01,,904.9708862304688,495.7853698730469,15.980085372924805,9007.8291015625,2192.360107421875,88725.3046875,210.91004943847656,9816.08984375,9.954456329345703,6.9144206047058105,16.69342613220215,799.7955322265625
2011-04-01,,888.9251708984375,438.6123046875,14.83864974975586,8988.798828125,2142.469970703125,79638.4453125,216.9939422607422,,10.00811767578125,6.977567195892334,17.170869827270508,765.6084594726562
2011-05-01,,834.3703002929688,456.5321350097656,12.555779457092285,8652.5498046875,2100.68994140625,79038.390625,223.5848846435547,,9.536171913146973,5.819901943206787,16.820554733276367,733.2208251953125
2011-06-01,,779.8152465820312,427.51904296875,12.190520286560059,8644.1396484375,2133.2099609375,74409.25,202.29110717773438,8700.2900390625,9.663809776306152,5.220019817352295,15.710501670837402,742.2174072265625
2011-07-01,,564.002197265625,394.66571044921875,10.02918815612793,7741.32421875,1880.1099853515625,57864.328125,169.33639526367188,,8.423924446105957,4.13602352142334,14.852791786193848,629.7600708007812
2011-08-01,,460.8597717285156,361.7922058105469,9.165431022644043,7225.3466796875,1769.6500244140625,63264.98828125,140.56776428222656,,7.111104488372803,3.941641092300415,13.683706283569336,593.7655029296875
2011-09-01,,501.1445617675781,384.6739807128906,9.040665626525879,7587.65478515625,1909.030029296875,73209.078125,168.18756103515625,8455.349609375,7.101987838745117,4.168419361114502,13.032303810119629,636.4368286132812
2011-10-01,,503.5617370605469,384.2423400878906,7.581872940063477,6904.08837890625,1847.510009765625,66779.71875,196.73312377929688,,6.837599754333496,3.9632396697998047,14.871358871459961,613.7394409179688
2011-11-01,,462.4712219238281,340.20550537109375,7.745029449462891,7072.04833984375,1825.739990234375,67233.109375,175.3882293701172,,5.82563591003418,3.5852739810943604,14.3406400680542,561.9890747070312
2011-12-01,,552.7094116210938,373.0172119140625,8.157712936401367,7517.04541015625,1955.7900390625,79693.3046875,186.96075439453125,10083.5595703125,5.998854637145996,4.15762186050415,14.047324180603027,590.1339111328125
2012-01-01,,680.0098266601562,422.2348327636719,9.7412691116333,8121.40234375,2030.25,81164.296875,218.0780487060547,,7.30255651473999,4.524788856506348,15.78475570678711,652.7791748046875
2012-02-01,,712.6349487304688,424.2107238769531,8.637578010559082,7932.962890625,2014.0400390625,86442.578125,243.26734924316406,,6.892301082611084,4.06043004989624,16.401819229125977,693.5357666015625
2012-03-01,,698.0914916992188,405.0274658203125,7.4379143714904785,7501.68603515625,1981.989990234375,94749.359375,218.8888397216797,9006.7802734375,7.056403160095215,3.844449758529663,16.935171127319336,719.1544189453125
2012-04-01,,559.1194458007812,354.4535217285156,7.341941833496094,7301.46630859375,1843.469970703125,88259.6875,176.0965118408203,,8.186883926391602,4.125225067138672,15.98372745513916,593.8056030273438
2012-05-01,,625.3734741210938,365.7890319824219,6.948451042175293,7296.24609375,1854.010009765625,91720.8515625,165.98202514648438,,6.746431350708008,3.9956369400024414,14.305878639221191,624.9140014648438
2012-06-01,,517.5083618164062,345.29791259765625,6.458987712860107,7270.45654296875,1881.989990234375,91720.8515625,152.04043579101562,8870.16015625,5.907687187194824,3.7040634155273438,14.938196182250977,567.1371459960938
2012-07-01,,548.6157836914062,337.8862609863281,6.650935173034668,7397.02587890625,1905.1199951171875,84192.8046875,154.7782440185547,,6.461532115936279,3.941641092300415,14.901076316833496,614.8497314453125
2012-08-01,,535.2357788085938,366.0877990722656,7.293954849243164,7715.125,1996.2099609375,83414.0546875,152.69956970214844,,6.239993572235107,4.071229934692383,15.403585433959961,624.0899047851562
2012-09-01,,549.8772583007812,340.0645751953125,6.2286529541015625,7166.01708984375,1912.06005859375,80818.1875,157.48129272460938,10395.1796875,6.046147346496582,3.8660483360290527,14.878464698791504,647.1701049804688
2012-10-01,,582.41455078125,408.43035888671875,6.516573429107666,7580.134765625,1932.9000244140625,91288.203125,169.46180725097656,,4.8830718994140625,4.06043004989624,14.307755470275879,700.7163696289062
2012-11-01,,613.32470703125,441.0694885253906,6.82368803024292,7699.46484375,1997.050048828125,86711.8671875,163.41897583007812,,5.704609394073486,4.222415924072266,14.606016159057617,717.3341674804688
2012-12-01,,669.4512939453125,493.9978942871094,6.670129776000977,7849.98388671875,1961.93994140625,80156.0234375,177.8692626953125,12397.91015625,6.37845516204834,3.974039077758789,14.977425575256348,763.4945068359375
2013-01-01,,828.8832397460938,531.0477294921875,6.794894695281982,7897.94287109375,2026.489990234375,83477.65625,168.1481475830078,,6.276917457580566,4.125225067138672,16.122888565063477,744.1072387695312
2013-02-01,,970.4266967773438,619.345458984375,6.727713584899902,7918.57275390625,2004.8900146484375,86537.03125,173.3720703125,,6.369223594665527,4.405999183654785,16.710023880004883,818.862060546875
2013-03-01,,1150.951904296875,697.541015625,7.255565643310547,8093.62255859375,1963.949951171875,86099.984375,188.74757385253906,13677.3203125,5.492301940917969,4.2764105796813965,17.09917449951172,921.1038208007812
2013-04-01,,1284.099853515625,701.9842529296875,8.061738967895508,8254.759765625,2001.050048828125,86362.21875,208.89480590820312,,6.323071002960205,4.686773777008057,17.399503707885742,938.763671875
2013-05-01,,1234.2713623046875,668.2178955078125,7.197981834411621,8062.17236328125,1863.3199462890625,76135.1171875,181.59005737304688,,4.929225921630859,4.643578052520752,18.390043258666992,938.763671875
2013-06-01,,1072.533447265625,598.907958984375,7.332344055175781,8107.90234375,1914.030029296875,70628.2109375,187.42210388183594,14455.7998046875,5.196770191192627,4.600381374359131,18.382129669189453,924.8214721679688
2013-07-01,,1015.3536376953125,599.7965698242188,7.217177391052246,8021.8525390625,1926.3599853515625,71327.4921875,188.74757385253906,,5.549408435821533,4.557186126708984,18.801748275756836,936.9046020507812
2013-08-01,,1047.2760009765625,670.883544921875,7.620264053344727,8173.83251953125,1996.9599609375,75435.8203125,205.71986389160156,,5.391648292541504,4.800163269042969,18.060909271240234,975.8159790039062
2013-09-01,,1026.7734375,704.9203491210938,7.543485641479492,8450.01953125,2030.0899658203125,71240.09375,222.2843475341797,16291.3095703125,4.909091949462891,4.573384761810303,19.375011444091797,951.4675903320312
2013-10-01,,1075.9798583984375,789.11669921875,7.332344055175781,8406.7900390625,2044.8699951171875,71502.328125,255.4132843017578,,5.215329170227051,4.664095401763916,20.02035903930664,1015.148681640625
2013-11-01,,1124.3662109375,836.5891723632812,7.677847862243652,8611.4697265625,2011.3399658203125,64465.2734375,269.3059997558594,,5.1782097816467285,4.921112060546875,20.19477081298828,983.3079223632812
2013-12-01,,1031.6939697265625,860.2356567382812,8.205700874328613,8462.5302734375,1941.1500244140625,58901.83984375,250.60423278808594,14827.830078125,5.1782097816467285,5.714841365814209,21.204914093017578,871.1171875
2014-01-01,,1029.2340087890625,868.0284423828125,8.81032943725586,8639.5400390625,1979.989990234375,59873.23828125,234.57408142089844,,5.957725524902344,6.606839179992676,20.974523544311523,859.8795776367188
2014-02-01,,1048.2293701171875,878.2802734375,8.48401927947998,8849.240234375,1985.6099853515625,61197.859375,232.45176696777344,,5.827805995941162,6.380059242248535,22.383140563964844,879.1922607421875
2014-03-01,,1039.171142578125,766.860107421875,8.637578010559082,8791.400390625,1961.7900390625,58460.296875,235.1483917236328,15162.099609375,5.103970527648926,6.561483860015869,23.302194595336914,908.2907104492188
2014-04-01,,871.1915893554688,777.9567260742188,9.981200218200684,9075.8681640625,1994.9599609375,55546.109375,234.3394317626953,,5.503007888793945,8.073346138000488,22.86943244934082,855.38427734375
2014-05-01,,923.0673828125,855.36474609375,11.372811317443848,9393.0283203125,2002.2099609375,51483.9140625,256.18231201171875,,5.79068660736084,9.799575805664062,23.881168365478516,908.4796142578125
2014-06-01,,918.1268310546875,895.151123046875,10.74898624420166,9315.8076171875,2076.1201171875,55899.34375,268.8565979003906,16173.51953125,6.4495625495910645,9.357605934143066,25.33530616760254,953.639404296875
2014-07-01,,864.6038818359375,896.2337646484375,11.324824333190918,9436.2275390625,2068.5400390625,48481.42578125,279.3735656738281,,7.3404388427734375,11.529364585876465,24.23275375366211,919.1554565429688
2014-08-01,,1015.3360595703125,1132.424072265625,11.036905288696289,8966.87890625,2020.0899658203125,43712.75,332.156494140625,,7.906515121459961,10.165332794189453,25.786888122558594,973.2039184570312
2014-09-01,,923.5588989257812,1108.35888671875,10.07717514038086,8974.71875,1964.4300537109375,43006.28515625,334.3274230957031,17450.76953125,7.3682780265808105,10.859546661376953,25.537551879882812,960.63671875
2014-10-01,,1109.5933837890625,1164.6622314453125,11.036905288696289,9187.1083984375,1980.780029296875,53691.625,388.05853271484375,,8.667470932006836,11.874027252197266,25.62575912475586,1106.493408203125
2014-11-01,,1173.2589111328125,1203.257568359375,11.660730361938477,9307.2177734375,1915.5899658203125,48938.71875,388.6012878417969,,8.222033500671387,11.758745193481445,27.47528648376465,1057.93798828125
2014-12-01,10.942329406738281,1222.867919921875,1164.2080078125,11.804691314697266,9361.8681640625,1949.260009765625,59943.22265625,402.1698303222656,19206.990234375,8.704588890075684,13.119070053100586,27.534759521484375,994.7205810546875
2015-01-01,12.205862998962402,1198.8902587890625,1339.0211181640625,14.875828742980957,9622.0556640625,1985.800048828125,61643.11328125,456.98638916015625,,8.704588890075684,13.741592407226562,26.194921493530273,1150.28857421875
2015-02-01,13.064794540405273,1452.743408203125,1510.5281982421875,13.676165580749512,9586.396484375,2041.030029296875,68800.5,466.15997314453125,,8.704588890075684,14.871353149414062,28.71156120300293,1266.55859375
2015-03-01,16.803407669067383,1470.985107421875,1550.266845703125,13.580192565917969,9820.0048828125,2127.169921875,60390.5625,472.1645202636719,20235.73046875,11.804091453552246,14.571621894836426,27.94407081604004,1204.8834228515625
2015-04-01,26.15447998046875,1544.783203125,1848.535888671875,14.012070655822754,9701.025390625,2114.800048828125,49386.0625,543.6712646484375,,12.32376766204834,13.418804168701172,27.58444595336914,1301.7198486328125
2015-05-01,15.795999526977539,1424.5506591796875,1951.3084716796875,12.044621467590332,9322.9775390625,2074.199951171875,45717.890625,511.46600341796875,,11.58137321472168,12.070296287536621,30.039424896240234,1222.559814453125
2015-06-01,15.687246322631836,1289.392333984375,1680.90234375,10.790156364440918,8665.2998046875,2030.1600341796875,48580.8515625,474.3478698730469,17388.150390625,8.79025650024414,11.222382545471191,27.44171142578125,1228.708251953125
2015-07-01,12.44739055633545,1228.8614501953125,1603.2523193359375,11.233587265014648,8174.88232421875,1941.489990234375,54306.7734375,412.12042236328125,,7.469391822814941,11.484236717224121,26.08586883544922,1144.1685791015625
2015-08-01,12.605987548828125,1292.8902587890625,1412.9437255859375,12.81022834777832,8181.20263671875,1962.81005859375,57527.60546875,370.50018310546875,,7.30195951461792,12.569067001342773,24.738964080810547,1058.4462890625
2015-09-01,16.249126434326172,1426.838623046875,1595.422119140625,14.541646957397461,8554.26953125,2029.469970703125,58332.8125,427.75421142578125,19033.7109375,9.106520652770996,12.793513298034668,24.41059112548828,1066.7822265625
2015-10-01,15.85490608215332,1671.43896484375,1755.837646484375,13.935744285583496,8320.5703125,1991.969970703125,61911.51171875,487.2104797363281,,9.525102615356445,12.519190788269043,26.831863403320312,1106.3284912109375
2015-11-01,16.89256477355957,1402.7113037109375,1615.186767578125,16.076597213745117,8338.01953125,1961.31005859375,56725.265625,430.5068359375,,10.613420486450195,13.267348289489746,27.452171325683594,1096.0540771484375
2015-12-01,12.10301399230957,1142.302490234375,1258.963134765625,15.06676197052002,8080.5625,1912.06005859375,49781.15234375,358.388671875,16758.669921875,7.19033670425415,13.017961502075195,26.97896385192871,961.9066162109375
2016-01-01,12.356766700744629,962.5958251953125,1247.0123291015625,16.682498931884766,8411.1328125,1916.6600341796875,48879.31640625,324.25640869140625,,6.678733825683594,13.7162446975708,24.933917999267578,963.8452758789062
2016-02-01,15.528657913208008,921.4183959960938,1257.1968994140625,21.00459861755371,8744.802734375,1995.8499755859375,53027.74609375,347.3109130859375,,8.250750541687012,13.24240779876709,25.36634635925293,970.5796508789062
2016-03-01,14.800558090209961,948.2721557617188,1370.68798828125,21.408538818359375,8377.873046875,1994.1500244140625,46985.47265625,365.64898681640625,15575.919921875,8.250750541687012,13.117719650268555,27.596586227416992,1071.6123046875
2016-04-01,16.075685501098633,1012.88916015625,1199.7569580078125,25.407489776611328,8535.5625,1983.4000244140625,47075.65625,360.092041015625,,8.250750541687012,13.691306114196777,26.31946563720703,1084.7308349609375
2016-05-01,16.3580322265625,741.8341674804688,1054.3037109375,23.630178451538086,8666.5595703125,1970.3499755859375,45181.8046875,315.08050537109375,,8.2787504196167,13.825516700744629,28.605627059936523,948.062744140625
2016-06-01,15.082906723022461,781.2755126953125,1188.17626953125,28.127702713012695,8984.388671875,2016.18994140625,49781.15234375,355.0908203125,16449.83984375,8.698753356933594,14.08442211151123,28.29439926147461,957.6566772460938
2016-07-01,15.119342803955078,898.7608032226562,1288.2333984375,27.837722778320312,9068.8291015625,2034.6500244140625,47977.484375,411.2161560058594,,8.5214204788208,13.947344779968262,31.424795150756836,962.5517578125
2016-08-01,16.877195358276367,837.483642578125,1217.3792724609375,29.773313522338867,9166.8291015625,2043.6300048828125,44099.60546875,375.63665771484375,,9.18409252166748,13.408517837524414,32.90538787841797,954.2413330078125
2016-09-01,16.485549926757812,951.0693359375,1370.6029052734375,29.3518123626709,9290.099609375,2008.18994140625,42476.3125,407.033203125,19114.369140625,9.557429313659668,13.18055248260498,34.2845458984375,1011.024658203125
2016-10-01,15.419905662536621,1055.3310546875,1441.141357421875,27.512537002563477,9240.6953125,1983.47998046875,41754.84375,431.14117431640625,,9.482762336730957,12.330862045288086,33.789939880371094,1075.5244140625
2016-11-01,14.463562965393066,1189.2607421875,1462.163330078125,27.091033935546875,9253.4931640625,2026.4599609375,46273.0625,450.7640686035156,,9.109423637390137,12.1443452835083,36.22345733642578,1149.9168701171875
2016-12-01,15.620284080505371,1170.6121826171875,1425.2589111328125,29.54340171813965,9447.943359375,2067.570068359375,51647.296875,455.8099365234375,18909.259765625,9.921432495117188,15.75034236907959,37.32379150390625,1164.1622314453125
2017-01-01,16.676815032958984,1269.787841796875,1508.8780517578125,33.03036880493164,9750.462890625,2091.639892578125,53286.890625,428.3379211425781,,10.052101135253906,15.667448997497559,38.88705825805664,1222.3309326171875
2017-02-01,18.043020248413086,1200.2379150390625,1489.7803955078125,34.29487228393555,9811.5126953125,2160.22998046875,63306.63671875,398.6571960449219,,9.54809284210205,17.13886260986328,39.981964111328125,1238.8990478515625
2017-03-01,19.66425323486328,1160.116455078125,1406.0479736328125,44.29594039916992,9871.9931640625,2205.43994140625,66585.828125,390.1750793457031,20033.4296875,8.092082023620605,22.071208953857422,41.742366790771484,1260.472900390625
2017-04-01,18.92570686340332,1342.798583984375,1444.150634765625,38.624839782714844,10040.7197265625,2347.3798828125,75148.1875,378.3002014160156,,7.63436222076416,21.138622283935547,41.504520416259766,1274.65576171875
2017-05-01,19.302749633789062,1504.1387939453125,1605.9708251953125,41.84357452392578,10395.0703125,2391.7900390625,92910.4609375,417.8831481933594,,7.961816310882568,22.48173713684082,45.127159118652344,1299.6253662109375
2017-06-01,20.075225830078125,1586.0899658203125,1616.31982421875,42.400814056396484,10427.330078125,2402.7099609375,85350.125,449.54962158203125,20356.279296875,8.682214736938477,24.39056968688965,42.85710144042969,1340.7755126953125
2017-07-01,19.017667770385742,1419.6273193359375,1584.3321533203125,54.00029373168945,10585.7802734375,2363.18994140625,91999.5859375,416.75225830078125,,8.813197135925293,28.752092361450195,44.92964172363281,1318.4029541015625
2017-08-01,22.613365173339844,1430.097412109375,1568.7470703125,55.27421569824219,10329.9404296875,2394.469970703125,92910.4609375,435.47613525390625,,8.85997486114502,31.2716007232666,46.23493194580078,1406.791015625
2017-09-01,21.767318725585938,1681.76025390625,1677.8193359375,57.1852912902832,10793.7998046875,2523.429931640625,94732.25,494.18560791015625,22764.939453125,8.569945335388184,35.4954948425293,48.63103485107422,1519.8258056640625
2017-10-01,18.4750919342041,1611.328857421875,1438.3338623046875,82.32329559326172,10560.4404296875,2476.3701171875,91088.6953125,522.6854248046875,,12.377768516540527,49.79743957519531,52.97062301635742,1591.95849609375
2017-11-01,18.53946876525879,1508.2591552734375,1434.0662841796875,77.1781005859375,10642.8603515625,2467.489990234375,91800.6953125,512.42529296875,,11.11473274230957,52.31694793701172,52.92156982421875,1485.57275390625
2017-12-01,18.852134704589844,1578.6904296875,1527.9635009765625,72.25338745117188,11103.7900390625,2566.4599609375,97767.7421875,572.8449096679688,21454.30078125,9.53359603881836,57.3559684753418,52.173545837402344,1460.9913330078125
2018-01-01,21.252334594726562,1625.930419921875,1421.26220703125,63.50654983520508,10815.4697265625,2427.360107421875,85007.453125,556.885009765625,,11.18022346496582,48.9822998046875,56.677772521972656,1280.0545654296875
2018-02-01,22.190343856811523,1557.482666015625,1394.525634765625,88.20352172851562,10906.2197265625,2445.85009765625,96849.734375,550.6443481445312,,13.594029426574707,77.36387634277344,56.80373764038086,1222.1685791015625
2018-03-01,20.948862075805664,1683.6011962890625,1325.6129150390625,137.81800842285156,10657.8798828125,2515.3798828125,108783.8359375,542.6057739257812,22304.509765625,12.639732360839844,92.92556762695312,55.42851638793945,1424.5062255859375
2018-04-01,21.90526008605957,2118.107421875,1549.1007080078125,284.8238525390625,10874.9599609375,2423.010009765625,123012.9453125,561.5540161132812,,12.65844440460205,140.9445343017578,51.94055938720703,1314.177001953125
2018-05-01,21.789440155029297,2673.548583984375,1782.159912109375,306.5072937011719,10836.91015625,2326.1298828125,136324.03125,649.9786376953125,,14.932156562805176,166.73248291015625,57.70044708251953,1271.6334228515625
2018-06-01,22.457033157348633,2872.229248046875,1866.386474609375,255.0552215576172,11057.509765625,2295.260009765625,140914.078125,685.0040893554688,24120.0390625,18.364295959472656,140.81570434570312,55.060081481933594,1320.6910400390625
2018-07-01,22.373586654663086,2829.038330078125,1836.2371826171875,234.10214233398438,11063.9404296875,2322.8798828125,147799.125,717.1583862304688,,15.39291000366211,125.85064697265625,57.30276107788086,1426.94873046875
2018-08-01,19.276702880859375,2214.25146484375,1684.8006591796875,158.5492706298828,11006.33984375,2343.070068359375,127602.953125,716.010009765625,,14.142294883728027,82.7585220336914,58.79172134399414,1400.6220703125
2018-09-01,17.190479278564453,1975.834228515625,1655.8604736328125,97.13935852050781,9802.1298828125,2029.68994140625,108324.8359375,563.4461669921875,20014.76953125,12.938694953918457,56.885215759277344,57.41605758666992,1260.56005859375
2018-10-01,16.263269424438477,1866.5947265625,1670.3304443359375,139.56802368164062,9888.0302734375,2096.860107421875,110619.8359375,517.2147827148438,,11.02045726776123,66.711669921875,50.5621223449707,1257.89013671875
2018-11-01,15.688400268554688,1418.36962890625,1442.667724609375,114.63188171386719,9727.41015625,2041.0400390625,95988.2265625,446.13385009765625,,10.098952293395996,57.516273498535156,52.20344924926758,1131.1766357421875
2018-12-01,15.493683815002441,1650.71875,1487.5252685546875,127.28602600097656,9932.259765625,2204.85009765625,100161.6328125,495.254638671875,21205.810546875,9.609990119934082,57.96702194213867,48.788230895996094,1255.630859375
2019-01-01,18.247501373291016,1900.4071044921875,1671.295166015625,134.72967529296875,10389.169921875,2195.43994140625,99234.203125,502.7673034667969,,13.098548889160156,62.38441467285156,53.694740295410156,1261.17578125
2019-02-01,19.230342864990234,1897.13134765625,1608.945068359375,148.87255859375,10641.0400390625,2140.669921875,96915.6484375,505.6728820800781,,14.631258010864258,58.23747634887695,57.13052749633789,1351.5638427734375
2019-03-01,18.3680362701416,2341.567626953125,1739.7154541015625,140.6845703125,10967.73046875,2203.590087890625,100625.34375,565.1637573242188,21275.919921875,12.647198677062988,54.90189743041992,59.09429168701172,1495.0374755859375
2019-04-01,17.5057315826416,1739.4002685546875,1373.3826904296875,118.35369110107422,10498.490234375,2041.739990234375,88290.6328125,431.6007995605469,,11.936827659606934,47.05876159667969,65.95965576171875,1377.3475341796875
2019-05-01,18.034238815307617,1747.243408203125,1412.7890625,122.07550048828125,10730.830078125,2130.6201171875,90701.921875,486.42584228515625,,11.648033142089844,47.59967803955078,55.03495407104492,1462.8079833984375
2019-06-01,19.574665069580078,1907.5887451171875,1413.664794921875,131.7522430419922,10823.8095703125,2024.550048828125,85322.8671875,494.0080261230469,21755.83984375,10.127049446105957,47.960269927978516,62.11397171020508,1391.0711669921875
2019-07-01,18.513275146484375,1742.0145263671875,1301.5758056640625,130.4856414794922,10618.0498046875,1967.7900390625,82633.34375,493.42462158203125,,11.879068374633789,49.37542724609375,65.61082458496094,1313.09619140625
2019-08-01,18.78566551208496,2300.76171875,1527.157958984375,144.1123046875,10829.6796875,2063.050048828125,95524.5078125,569.2958374023438,,13.775484085083008,53.61692810058594,64.09248352050781,1410.987548828125
2019-09-01,17.63035011291504,2538.80126953125,1726.8516845703125,151.54502868652344,11358.7099609375,2083.47998046875,104798.7421875,637.5877075195312,23656.619140625,12.100476264953613,68.2990493774414,66.48017883300781,1502.94921875
2019-10-01,17.58338165283203,2508.1708984375,1868.522705078125,140.3959503173828,11489.5703125,2087.9599609375,102943.8984375,677.6209716796875,,12.764704704284668,71.77925872802734,70.54930877685547,1567.1326904296875
2019-11-01,20.92723274230957,2936.1181640625,1986.92529296875,197.3801727294922,11997.1396484375,2197.669921875,116973.9140625,729.4286499023438,,14.333818435668945,95.05314636230469,73.41718292236328,1574.0770263671875
2019-12-01,21.87590980529785,2844.2275390625,1863.81005859375,173.84320068359375,11495.099609375,2119.010009765625,116973.9140625,698.8150024414062,18917.009765625,15.729656219482422,84.06873321533203,79.24048614501953,1530.72705078125
2020-01-01,22.354944229125977,2642.943603515625,1685.0279541015625,175.9078369140625,11292.169921875,1987.010009765625,117909.7109375,615.2161254882812,,23.219053268432617,89.1802978515625,76.70326232910156,1430.1373291015625
2020-02-01,17.0667781829834,2516.859130859375,1626.6536865234375,132.9632110595703,9708.0595703125,1754.6400146484375,91426.8203125,498.66796875,,15.69115161895752,59.70729064941406,73.14676666259766,1365.293701171875
2020-03-01,19.574665069580078,2665.5302734375,1789.2596435546875,175.9078369140625,10992.1396484375,1947.56005859375,106212.3203125,558.1749267578125,22288.140625,19.493608474731445,85.04754638671875,64.98188781738281,1231.2786865234375
2020-04-01,18.728267669677734,2639.138427734375,1788.0704345703125,154.435546875,10942.16015625,2029.5999755859375,116973.9140625,599.8296508789062,,23.498220443725586,80.5885238647461,74.42784881591797,1242.357666015625
2020-05-01,26.090547561645508,2942.639892578125,1877.5482177734375,147.8286895751953,11621.240234375,2108.330078125,120717.0859375,635.5338745117188,,28.06117057800293,85.63773345947266,79.75408172607422,1249.601806640625
2020-06-01,27.143657684326172,2920.64697265625,1964.648193359375,144.9381561279297,12664.7998046875,2249.3701171875,131478.671875,695.040771484375,23185.119140625,34.82858657836914,87.43590545654297,85.96066284179688,1245.12744140625
2020-07-01,26.621845245361328,2512.46044921875,1866.8465576171875,136.19744873046875,12591.4501953125,2326.169921875,116506.0234375,655.1712036132812,,31.199399948120117,74.8487319946289,92.15535736083984,1296.9013671875
2020-08-01,27.342891693115234,2907.215087890625,2029.8134765625,131.51565551757812,12515.6103515625,2327.889892578125,130075.015625,684.4154052734375,,25.866334915161133,79.00699615478516,97.49636840820312,1290.479736328125
2020-09-01,29.458599090576172,3393.2236328125,2177.860595703125,139.17678833007812,12546.33984375,2267.14990234375,124928.1484375,732.40234375,27444.169921875,26.097370147705078,79.90607452392578,97.01762390136719,1233.239501953125
2020-10-01,30.31247329711914,4184.09228515625,2735.886962890625,165.5650177001953,13722.8896484375,2591.340087890625,145983.4375,882.9619140625,,31.671100616455078,99.34877014160156,97.29473114013672,1283.1632080078125
2020-11-01,35.34083557128906,4272.45703125,2793.128173828125,196.20945739746094,14732.5302734375,2873.469970703125,167974.828125,932.1484985351562,,32.441219329833984,116.43136596679688,115.23571014404297,1361.2762451171875
2020-12-01,37.06755065917969,5425.623046875,3013.40185546875,187.69711303710938,15138.3095703125,2976.2099609375,192510.46875,1012.5269165039062,29178.80078125,30.80471420288086,129.01853942871094,121.01390838623047,1441.541259765625
2021-01-01,35.48314666748047,4648.00927734375,2721.501708984375,216.21343994140625,15953.7998046875,3012.949951171875,178827.140625,914.1536254882812,,29.668792724609375,133.2891845703125,124.92023468017578,1475.7559814453125
2021-02-01,39.7335319519043,4607.71923828125,2667.725830078125,212.38290405273438,16431.130859375,3061.419921875,176939.75,924.9086303710938,,29.99609375,124.29833221435547,133.05531311035156,1528.2818603515625
2021-03-01,41.080753326416016,4448.22119140625,2625.787841796875,206.4242706298828,17566.66015625,3147.860107421875,168918.5,895.94873046875,28791.529296875,27.20441436767578,122.05062103271484,135.5698699951172,1443.872802734375
2021-04-01,35.274417877197266,4669.7451171875,2497.86279296875,178.7591552734375,17068.4296875,3203.919921875,160897.21875,841.0452270507812,,24.63414764404297,113.50931549072266,134.94322204589844,1462.3642578125
2021-05-01,40.515380859375,4864.6875,2559.109375,193.65574645996094,17755.4609375,3296.679931640625,167031.140625,813.8953857421875,,29.142364501953125,124.7479019165039,138.34848022460938,1494.12646484375
2021-06-01,44.41219711303711,4953.2978515625,2727.46435546875,170.24679565429688,17247.41015625,3202.320068359375,181186.3125,750.5455322265625,29452.66015625,34.88983917236328,125.87174987792969,145.40940856933594,1465.627685546875
2021-07-01,35.91179656982422,5529.2626953125,2751.2998046875,158.6961212158203,17490.2890625,3199.27001953125,174108.734375,698.0556030273438,,28.12016487121582,109.75349426269531,146.27053833007812,1489.3404541015625
2021-08-01,35.434242248535156,5890.3994140625,3023.417724609375,134.51805114746094,16934.76953125,3068.820068359375,167502.984375,737.688232421875,,26.89545249938965,101.28451538085938,149.88165283203125,1542.361083984375
2021-09-01,38.204036712646484,5124.02294921875,2626.669921875,132.75962829589844,16987.41015625,2970.679931640625,150044.921875,753.1897583007812,28791.7109375,27.80193328857422,99.33892059326172,143.08522033691406,1466.344482421875
2021-10-01,39.82770919799805,5578.501953125,2543.799072265625,152.5417022705078,17427.759765625,2839.010009765625,157122.53125,820.6666870117188,,28.438398361206055,104.48898315429688,152.31468200683594,1483.0902099609375
2021-11-01,42.59749984741211,5899.31103515625,2779.662109375,146.8268585205078,18218.83984375,2977.64990234375,188416.109375,818.843017578125,,28.737340927124023,109.75349426269531,169.83966064453125,1583.564208984375
2021-12-01,36.2938346862793,4883.41748046875,2592.064208984375,132.3200225830078,17674.400390625,2663.340087890625,169813.015625,747.7186279296875,27821.4296875,21.871238708496094,105.06122589111328,174.36862182617188,1550.07275390625
2022-01-01,33.28526306152344,4544.78564453125,2363.790283203125,128.36363220214844,17652.1796875,2699.179931640625,156933.921875,838.9036865234375,,22.440200805664062,103.34453582763672,154.16087341308594,1449.5989990234375
2022-02-01,26.7332763671875,4980.20263671875,2484.64990234375,124.8468017578125,17693.470703125,2757.64990234375,157410.921875,821.5602416992188,,19.96184730529785,99.33892059326172,152.45362854003906,1536.0343017578125
2022-03-01,27.363643646240234,4648.18798828125,2385.777587890625,107.70234680175781,16592.1796875,2695.050048828125,158364.9375,748.7987670898438,26393.0390625,15.911617279052734,92.58662414550781,152.45819091796875,1531.79345703125
2022-04-01,28.290090560913086,4764.841796875,2540.666748046875,101.98753356933594,16807.76953125,2685.89990234375,147393.875,822.4812622070312,,16.49022102355957,92.7010726928711,129.10369873046875,1621.9647216796875
2022-05-01,29.065109252929688,4136.7080078125,2263.9482421875,78.86449432373047,14825.73046875,2332.639892578125,124497.734375,771.8246459960938,,18.11995506286621,70.49860382080078,137.27294921875,1619.509521484375
2022-06-01,25.936506271362305,4208.4951171875,2371.390869140625,89.23908996582031,15000.0703125,2451.5,135945.8125,766.29833984375,25937.2109375,16.940351486206055,81.1895751953125,112.79048156738281,1644.50732421875
2022-07-01,26.16825294494629,3903.40185546875,2312.3125,85.89051055908203,15095.4404296875,2472.050048828125,133560.78125,905.3740844726562,,16.49378776550293,77.98472595214844,131.4120330810547,1736.017822265625
2022-08-01,25.144699096679688,3382.786376953125,2052.571044921875,68.80477142333984,13424.580078125,2155.489990234375,106848.6328125,830.1940307617188,,13.65906810760498,63.85962677001953,119.26868438720703,1651.371826171875
2022-09-01,27.423555374145508,3682.46923828125,2259.3134765625,72.96075439453125,12949.75,2293.610107421875,115434.6796875,867.46435546875,26094.5,13.328998565673828,69.76740264892578,103.38624572753906,1683.268310546875
2022-10-01,29.142358779907227,3963.989501953125,2310.070556640625,80.62625122070312,14879.5498046875,2472.530029296875,134514.796875,909.3934936523438,,15.219804763793945,88.01718139648438,105.90009307861328,1579.2093505859375
2022-11-01,29.654130935668945,3478.139404296875,2038.9530029296875,72.96075439453125,14137.6904296875,2236.39990234375,126495.0234375,807.8319702148438,,14.49644947052002,85.73595428466797,125.86503601074219,1482.162841796875
2022-12-01,32.18405532836914,3973.070556640625,2288.406005859375,83.02749633789062,15265.2001953125,2425.080078125,138320.609375,858.1468505859375,28041.48046875,16.852243423461914,102.655029296875,113.18946075439453,1517.0
2023-01-01,30.764596939086914,3746.038330078125,2265.50341796875,92.81716918945312,15503.7900390625,2412.85009765625,139580.703125,849.7609252929688,,16.373266220092773,102.27482604980469,131.3072967529297,1517.452392578125
2023-02-01,29.065109252929688,4075.095458984375,2512.38330078125,89.30766296386719,15868.0595703125,2476.860107421875,148013.71875,890.5405883789062,,17.683128356933594,100.56391143798828,133.30776977539062,1581.048583984375
2023-03-01,29.209951400756836,3799.7509765625,2462.385986328125,88.10704040527344,15579.1796875,2501.530029296875,139483.796875,875.4625854492188,33189.0390625,15.434857368469238,94.29054260253906,145.00482177734375,1632.2352294921875
2023-04-01,29.113388061523438,3987.903564453125,2562.068603515625,96.04960632324219,16578.9609375,2577.1201171875,142973.3125,1006.4520874023438,,15.346881866455078,96.57177734375,134.39691162109375,1819.3076171875
2023-05-01,28.34089469909668,3751.10693359375,2573.630615234375,88.10704040527344,16915.5390625,2564.280029296875,140065.375,1049.23583984375,,15.088639259338379,93.4350814819336,155.44964599609375,1788.320068359375
2023-06-01,31.64290428161621,3886.026123046875,2601.441650390625,89.89974975585938,17145.4296875,2632.580078125,140937.75,1024.734375,31857.619140625,15.727987289428711,89.14253234863281,165.6388397216797,1754.5782470703125
2023-07-01,31.25357437133789,3723.57275390625,2557.69384765625,93.40479278564453,16634.509765625,2556.27001953125,131244.640625,1001.5518798828125,,14.30174732208252,94.0895004272461,174.79490661621094,1716.4752197265625
2023-08-01,30.17317771911621,3758.53466796875,2586.828857421875,97.09930419921875,16353.740234375,2465.070068359375,133183.265625,1055.73876953125,,14.44929027557373,101.8494644165039,166.75230407714844,1764.59130859375
2023-09-01,30.036911010742188,3096.68359375,2344.136474609375,98.9939193725586,16001.26953125,2277.989990234375,120485.296875,1058.78662109375,33464.171875,14.990277290344238,102.04346466064453,155.21475219726562,1715.0517578125
2023-10-01,28.537986755371094,3558.958251953125,2728.28125,129.30784606933594,17433.849609375,2535.2900390625,141228.546875,1308.719970703125,,14.36076545715332,116.5933837890625,144.9708709716797,1904.837646484375
2023-11-01,28.664520263671875,3462.418701171875,2831.88720703125,116.5191650390625,17930.810546875,2655.280029296875,149639.515625,1279.57373046875,,13.43616771697998,115.81739044189453,168.3227081298828,1914.606201171875
2023-12-01,22.24055290222168,3347.314453125,2852.702392578125,102.30950927734375,17889.560546875,2497.090087890625,136355.59375,1417.6846923828125,40369.44140625,10.16073226928711,107.08743286132812,189.15972900390625,2030.431396484375
2024-01-01,24.68360710144043,3035.418212890625,2860.27197265625,106.09874725341797,18966.76953125,2642.360107421875,136746.296875,1483.2156982421875,,11.803367614746094,108.25142669677734,192.42677307128906,2050.8984375
2024-02-01,24.031476974487305,3421.851318359375,2690.15185546875,106.57240295410156,20294.44921875,2746.6298828125,145244.109375,1437.1849365234375,,11.547627449035645,115.04139709472656,214.1106719970703,1909.744384765625
2024-03-01,27.175325393676758,3508.337646484375,2773.249267578125,105.62509155273438,20396.599609375,2692.06005859375,152276.78125,1359.8260498046875,39583.078125,12.245993614196777,121.24935913085938,222.76666259765625,1819.8131103515625
2024-04-01,28.31412124633789,3108.808349609375,2833.4228515625,108.46702575683594,21174.220703125,2636.52001953125,151397.6875,1507.0572509765625,,12.36402702331543,128.4273223876953,211.00318908691406,1681.8555908203125
2024-05-01,28.411455154418945,3841.1220703125,3172.97509765625,111.78260803222656,23032.25,2797.820068359375,154327.96875,1893.6593017578125,,12.845999717712402,145.4259490966797,230.7437286376953,1743.5362548828125
2024-06-01,32.19618225097656,4273.55419921875,3200.67431640625,110.00177001953125,22199.349609375,2770.68994140625,155890.78125,2022.270751953125,37919.55078125,14.389418601989746,157.77719116210938,243.49761962890625,1790.1497802734375
2024-07-01,30.86901092529297,3380.488525390625,2896.939697265625,106.62452697753906,22268.08984375,2674.31005859375,139481.21875,1890.2041015625,,13.816607475280762,156.3842010498047,232.3905029296875,1687.9765625
2024-08-01,36.472618103027344,2781.063720703125,2705.674560546875,104.21220397949219,22224.5390625,2593.27001953125,129420.609375,1762.552490234375,,15.604174613952637,148.291259765625,228.204345703125,1586.2523193359375
2024-09-01,36.54143524169922,2612.225341796875,2609.749267578125,97.45771026611328,22820.4296875,2556.14990234375,115648.296875,1781.4061279296875,39894.5390625,15.959712028503418,132.8194580078125,228.21566772460938,1503.1173095703125
2024-10-01,35.93191909790039,2032.2607421875,2419.826416015625,90.89619445800781,22262.5,2455.909912109375,105490.0,1865.037841796875,,15.159751892089844,122.34624481201172,216.0126190185547,1408.037841796875
2024-11-01,37.8587760925293,2164.37451171875,2467.548095703125,89.25582122802734,23035.099609375,2399.489990234375,122676.71875,2003.77978515625,,14.17214584350586,128.7729949951172,213.18206787109375,1505.5062255859375
2024-12-01,37.25909423828125,2089.01708984375,2380.781494140625,89.64179992675781,23525.41015625,2517.3701171875,132883.265625,1825.8807373046875,35617.55859375,14.241277694702148,127.82087707519531,213.60739135742188,1543.7291259765625
2025-01-01,38.242183685302734,2360.875732421875,2458.87158203125,92.53657531738281,23053.1796875,2532.780029296875,133775.09375,1533.4111328125,,14.270905494689941,134.72369384765625,216.2243194580078,1585.2965087890625
2025-02-01,38.96966552734375,2395.25,2249.658447265625,83.46625518798828,20695.900390625,2481.1201171875,127928.625,1509.5596923828125,,14.201773643493652,114.4913330078125,206.69827270507812,1624.2137451171875
2025-03-01,33.729801177978516,2094.265869140625,2160.374755859375,75.3608627319336,20235.029296875,2556.610107421875,116632.0625,1485.63720703125,40487.390625,12.947513580322266,109.25471496582031,186.76449584960938,1640.208740234375
2025-04-01,32.14702606201172,2357.384033203125,2080.360595703125,78.93109893798828,21347.30078125,2697.669921875,121091.234375,1562.2869873046875,,13.194415092468262,116.63358306884766,182.46682739257812,1707.581298828125
2025-05-01,33.2258415222168,2461.272216796875,2101.82763671875,78.4486312866211,22256.01953125,3071.699951171875,133477.8125,1655.535888671875,,13.569705963134766,120.38619995117188,203.4092254638672,1680.4383544921875
2025-06-01,32.917457580566406,2773.9072265625,2212.5791015625,84.45166015625,23542.51953125,3245.43994140625,147350.78125,1813.229248046875,44932.62890625,13.898435592651367,131.55606079101562,237.4360809326172,1746.841552734375
2025-07-01,43.98942184448242,2947.701171875,2373.094482421875,81.9648666381836,24233.099609375,3186.010009765625,159043.71875,1890.3671875,,15.296266555786133,138.5061798095703,238.75904846191406,1916.4849853515625
2025-08-01,46.08842086791992,3257.68896484375,2776.990234375,103.94815826416016,25820.5390625,3424.60009765625,191744.296875,2113.736083984375,,15.625755310058594,168.7888946533203,244.02102661132812,1952.55419921875
2025-09-01,49.4308967590332,4331.44677734375,3345.60498046875,123.34518432617188,28233.349609375,4107.5,242777.015625,2629.749755859375,50339.48046875,16.903772354125977,247.22608947753906,270.2515563964844,2011.9306640625
2025-10-01,43.770565032958984,3207.494873046875,3169.053466796875,118.86894226074219,27626.48046875,3926.590087890625,248722.578125,2518.0859375,,16.414531707763672,233.32583618164062,305.5680236816406,2097.315185546875
2025-11-01,45.51144027709961,3484.053955078125,3201.60205078125,116.38214874267578,28963.599609375,4214.169921875,255000.0,2175.22509765625,,16.254779815673828,229.3543243408203,295.78948974609375,2155.7099609375
2025-12-01,49.739280700683594,3189.779296875,3093.106689453125,135.7791748046875,32063.75,5224.35986328125,279000.0,1948.946533203125,51063.71875,20.468242645263672,275.5230407714844,300.6251525878906,2265.139404296875
2026-01-01,62.77096939086914,4720.20458984375,4051.811767578125,155.1761932373047,35414.48828125,6244.1298828125,448500.0,2385.2705078125,,25.959720611572266,295.87701416015625,345.6965026855469,2712.1806640625
2026-02-01,52.57441711425781,3675.718994140625,3394.093017578125,116.38214874267578,31722.990234375,5052.4599609375,407500.0,1952.6937255859375,,18.90067481994629,241.76527404785156,351.6760559082031,2360.018798828125
2026-03-01,85.25312042236328,6360.36669921875,5133.45361328125,130.80557250976562,38926.62890625,6598.8701171875,832000.0,2870.9365234375,70062.3203125,25.051130294799805,314.74163818359375,328.28936767578125,2690.004638671875
2026-04-01,128.77999877929688,14741.6826171875,9582.9111328125,391.91937255859375,44732.94140625,8476.150390625,2127000.0,4080.1962890625,,52.947845458984375,732.7423706054688,460.91961669921875,3456.66357421875
2026-05-01,166.89999389648438,20050.28125,11345.171875,562.016357421875,46125.91015625,8476.48046875,2184000.0,3545.837646484375,,72.12808227539062,1140.0,568.4382934570312,3534.07373046875
2026-06-01,111.68000030517578,10174.3984375,7383.5712890625,218.0,43119.75,6595.4501953125,1142000.0,2987.641357421875,66753.71875,49.349998474121094,502.0,640.3413696289062,3663.0908203125
2026-07-01,115.0,9138.5498046875,7159.55517578125,295.0,46128.46875,6820.02001953125,1458000.0,3057.16748046875,,55.880001068115234,545.0,504.56011962890625,3629.347900390625
2026-08-01,117.33000183105469,9324.0,7851.0,299.5,47940.12890625,6838.0400390625,1513000.0,2981.0,,49.61000061035156,548.0,510.70611572265625,3646.0
2026-09-01,,10100.0,8513.0,329.0,48353.48828125,6971.35009765625,1561000.0,3200.0,68956.71875,,602.0,568.6400146484375,3728.0
2026-10-01,,10095.0,8467.0,361.5,48475.73828125,7003.740234375,1581000.0,3198.0,68309.4609375,,626.0,595.9000244140625,3668.0
